,APT组织,可疑归属,组织别名,攻击手法,攻击国家/地区,攻击行业,恶意软件,攻击工具,事件介绍
0,Ajax Security Team ,Iran,Ajax Security Team,鱼叉式网络钓鱼攻击,暂无数据,暂无数据,暂无数据,暂无数据,CrowdStrike Intelligence自2014年1月中旬以FLYING KITTEN的名义在内部对该威胁组织进行跟踪和报告，并且从那时起就已经成为多个美国国防承包商以及持不同政见者的目标。
1,Anunak ,Russian Federation,"[FIN7,Anunak]","[鱼叉式网络钓鱼攻击,恶意软件]",美国,"[金融,酒店,零售]",Carbanak,暂无数据,FIN7是一个有经济动机的威胁组织。 FIN7的一部分用于名为Combi Security的前端公司。 FIN7有时被称为Carbanak Group，但这些似乎是使用相同Carbanak恶意软件的两个组，因此分别进行跟踪。 FIN7组织以钓鱼邮件为攻击渠道，主要对美国金融机构渗透攻击。，据报已经从世界各地的公司，窃取了超过10亿美元。FIN7使用精密的鱼叉式网络钓鱼邮箱，来说服目标对象下载附件，然后透过附件，让其公司网络遭到恶意软件的感染。FIN7所使用的恶意软件，最常见的是Carbanak恶意软件的特制版本，已在对银行的多次攻击中使用过。
2,APT1 ,China,APT1,"[鱼叉式网络钓鱼,电子邮件]",暂无数据,暂无数据,暂无数据,暂无数据,"APT1系统地从至少141个组织窃取了数百TB的数据，并且已经证明了同时从数十个组织窃取的能力和意图。 该小组的重点是在英语国家的各个行业中妥协组织。 APT1基础设施的规模意味着一个拥有至少数十个，但可能有数百个人类运营商的大型组织。 别名：Comment Panda, PLA Unit 61398,Advanced Persistent Threat 1, Byzantine Candor, Group 3, TG-8223, Comment Group, Brown Fox, GIF89a, ShadyRAT, Comment Crew,"
3,APT10 ,China,APT10,鱼叉式网络钓鱼攻击,暂无数据,"[政府,航空航天,电信运营商]",暂无数据,暂无数据,"APT10:(Stone Panda, APT 10, menuPass, happyyongzi, POTASSIUM, DustStorm, Red Apollo, CVNX, HOGFISH, APT10)是FireEye自2009年以来一直追踪的中国网络间谍组织。他们历来以美国，欧洲和日本的建筑和工程，航空航天和电信公司以及政府为目标。 我们认为，这些行业的目标是支持中国的国家安全目标，包括获取有价值的军事和情报信息以及窃取机密商业数据以支持中国公司。"
4,APT12 ,China,APT12,网络钓鱼邮件,暂无数据,暂无数据,暂无数据,暂无数据,APT12被认为是一个被认为与中国人民解放军有联系的网络间谍组织。 APT12的目标与更大的中华人民共和国（PRC）目标一致。 该集团进行的入侵和活动符合中国的目标和台湾的自身利益。
5,APT15 ,China,Ke3Chang,鱼叉式网络钓鱼攻击,暂无数据,暂无数据,暂无数据,暂无数据,"APT:15(Vixen Panda, APT15, APT 15, Royal APT, Playful Dragon, GREF, Metushy, Lurid, Social Network Team, Mirage, APT15, Ke3chang)这个威胁行为者使用网络钓鱼技术来破坏欧洲国家外交部的网络以进行间谍活动。"
6,APT16 ,china,APT16,暂无数据,日本,暂无数据,暂无数据,暂无数据,APT16:APT16 来自中国，据报道已发起对日本、台湾地区的鱼叉式钓鱼网络攻击。
7,apt17 ,中国,"[Winnti Group,Axiom,Group72]",暂无数据,暂无数据,暂无数据,"[Derusbi,Hikit,Hydraq,ZxShell]",暂无数据,"APT17(Aurora Panda, APT 17, Deputy Dog, Group 8, Hidden Lynx, Tailgater Team, Axiom, Winnti Group, Group 72, Group72, Tailgater, Ragebeast, Blackfly, Lead, Wicked Spider, APT 17, Dogfish, Wicked Panda, Barium, APT17)是一个涉嫌与中国政府有关的网络间谍组织，策划并实施了SMN行动等一系列行动。该组织运营成熟，资金充足，其主要目标遍布亚洲、西欧和北美地区，包括政府机构、电路制造商、网络设备供应商、互联网企业、能源行业、媒体、非政府组织、律师事务所、电信服务商以及金融和教育行业。另外，该组织习惯使用鱼叉式网络钓鱼，以及使用已经攻陷的服务器或设备进行攻击，他们对感染的设备会进行识别，并筛选出感兴趣的组织进行更加深入的渗透，可以看出他们有着良好的组织性与执行力。"
8,APT19 ,China,Shell Crew,漏洞利用,暂无数据,暂无数据,暂无数据,暂无数据,"APT19:(Shell Crew, WebMasters, APT 19, KungFu Kittens, Black Vine, Group 13, PinkPanther, Sh3llCr3w, TEMP.Avengers, Hurricane Panda, Codoso, C0d0so0, Deep Panda, Sunshop Group, APT19)一个可能由自由职业者组成的团体，由中国政府提供一定程度的赞助。"
9,APT23 ,暂无数据,Tropic Trooper,"[漏洞利用,恶意软件]",菲律宾香港,"[政府,军事,交通运输,医疗卫生]",暂无数据,暂无数据,"Tropic Trooper, APT23 , Pirate Panda, KeyBoy, 主要针对台湾，菲律宾和香港的目标开展网络间谍活动，重点关注政府、军事、医疗保健、交通运输和高科技行业。该组织的运营被认为是非常有组织性的，并能够开发自己的网络间谍工具，从2013年被发现以来一直进行着攻击活动。同时目标也不再局限于亚洲，一些西方国家和企业也成为了攻击目标。 "
10,APT27 ,China,"[Lucky,Mouse,Emissary Panda]",木马后门,暂无数据,暂无数据,暂无数据,暂无数据,"APT27(missaryPanda, LuckyMouse, Emissary Panda, TG-3390, APT 27, TEMP.Hippo, Group 35, Bronze Union, ZipToken, HIPPOTeam, Operation Iron Tiger, Iron Tiger APT, Threat Group-3390)由于使用的工具和策略，我们将该活动归因于LuckyMouse威胁组织（也称为EmissaryPanda和APT27）。 此外，C2域update.iaacstudio[.]com之前已在其广告系列中使用。"
11,APT28 ,俄罗斯,"[Sofacy,Sednit,APT-C-20,STRONTIUM,奇幻熊,Sofacy]","[漏洞利用,社会工程学,木马后门]",暂无数据,"[政府,国防]",暂无数据,"[X-Agent for Android,LoJax,AutoIt Zepakab,SedUploader,UEFI bootkit,Zekapab,Koadic,Canno]",APT28(Sofacy，Sednit，Pawn Storm，Group 74，Tsar Team，Fancy Bear，STRONTIUM，Swallowtail，TG-4127，Group-4127，TAG_0700，IRON TWILIGHT)是一支技术精湛的开发商和运营商团队，他们收集有关国防和地缘政治问题的情报 - 这些情报仅对政府有用。 该APT小组在工作时间（上午8点至下午6点）编译具有俄语设置的恶意软件样本，与俄罗斯主要城市（包括莫斯科和圣彼得堡）的时区一致。 这表明APT28从一个成熟的组织（很可能是俄罗斯政府）获得直接持续的财务和其他资源。
12,APT29 ,俄罗斯,CozyDuke,鱼叉式网络钓鱼攻击,"[中国,韩国,日本,德国,新西兰,美国,墨西哥]","[政府,外交,军事,能源,电信运营商]",暂无数据,暂无数据,"APT29(Dukes, Group 100, Cozy Duke, CozyDuke, EuroAPT, CozyBear, CozyCar, Cozer, Office Monkeys, OfficeMonkeys, APT29, Cozy Bear, The Dukes, Minidionis, SeaDuke, Hammer Toss, YTTRIUM, Iron Hemlock, Grizzly Steppe)是一个适应性和纪律严明的威胁组织，它将其活动隐藏在受害者的网络上，不经常地以非常类似于合法流量的方式进行通信。 通过使用合法的流行Web服务，该组还可以利用加密的SSL连接，使检测更加困难。 APT29是最具进化能力的威胁组织之一。 它部署了新的后门来修复自己的bug并添加功能。 它监视网络防御者活动以保持对系统的控制。 APT29仅使用受损服务器进行CnC通信。 它反对修复攻击的尝试。 它还为其恶意软件维持快速的开发周期，快速改变阻碍检测的工具。"
13,APT3 ,China,,网络钓鱼邮件,暂无数据,暂无数据,暂无数据,暂无数据,"APT3:(别名UPS, Gothic Panda, TG-0110, Group 6, UPS Team, APT 3, Buckeye, Pirpi, Threat Group-0110,）中国威胁组FireEye跟踪APT3是FireEye威胁情报跟踪的更复杂的威胁组之一，他们有使用基于浏览器的漏洞作为零日的历史（例如，Internet Explorer，Firefox和Adobe Flash）播放器）。 成功利用目标主机后，该组将快速转储凭据，横向移动到其他主机，并安装自定义后门。 APT3的命令和控制（CnC）基础设施很难跟踪，因为各个活动之间几乎没有重叠。"
14,APT30 ,China,Naikon,木马后门,暂无数据,暂无数据,暂无数据,暂无数据,APT30不仅注重长期持续活动，而且至少自2005年以来成功修改和调整源代码以维护相同的工具，策略和基础设施。证据表明，该组优先考虑目标，很可能是轮班工作 在协作环境中，从一致的开发计划中构建恶意软件。 自2005年以来，该组织有能力感染气隙网络。
15,APT32 ,Vietnam(越南）,"[海莲花,APT-C-00,Ocean Lotus,Cobalt Kitty,SeaLotus]","[社会工程,鱼叉式网络钓鱼攻击,漏洞攻击,水坑攻击]","[东亚,东南亚,中国,菲律宾,越南,老挝,柬埔寨]","[政府,科研机构,企业,海事]",暂无数据,"[,Cobalt Strike,NBTScan]",APT32是一个长期针对中国及其他东亚国家（地区）政府、科研机构、海运企业等领域进行攻击的APT组织。至少自2014年以来，APT32组织就对在越南制造业、消费品行业和酒店业中有既得利益的外国企业进行了长时间的入侵与渗透。同时他们还瞄准了网络安全与技术基础设施相关的公司。除了专注于与越南有关系的企业之外，该组织至少从2013年以来就一直以外国政府以及越南持不同政治意见的个人和媒体为主要目标。APT32有着充足的资源和开发能力，并使用跨越多种协议的自定义后门程序套件。并且他们还可能拥有macOS的后门开发功能。 海莲花组织近期的攻击方式多样，攻击链条复杂，但使用的核心攻击技术与最终木马载荷较为固定。作为本年度海莲花组织使用的主要远控攻击载荷， OenesRAT 木马值得被重点关注。海莲花使用了多种方式来释放DensRAT ，包括HTA 文件、 WinRAR 漏洞和 WinRAR 自解压文件。在木马进行分析后发现，与往年相比，海莲花组织对木马的能力需求继续上升，在要求其基本功能的同时还要求其具有高隐蔽性和高对抗性。目前，多级释放、内存加载、混淆和加密等技术已经成为海莲花各攻击链中的常规操作，这对安全厂商的检测能力和安全人员的分析能力提出了更高的要求。
16,APT33 ,伊朗,Elfin,鱼叉式网络钓鱼电子邮件,暂无数据,"[军事,能源,航空航天,石油化工]",暂无数据,暂无数据,"APT33(MAGNALLIUM, Elfin, Holmium, Refined Kitten, NewsBeef)的目标组织跨越多个行业，总部设在美国，沙特阿拉伯和韩国。 APT33特别关注涉及军事和商业能力的航空部门组织，以及与石化生产有关的能源部门组织。"
17,APT34 ,伊朗,OilRig,漏洞利用,"[中东,中国,土耳其,阿尔巴尼亚]","[政府,金融,能源,石油化工,电信业]",暂无数据,暂无数据,APT34(OilRig）参与了一项长期的网络间谍行动，主要集中在侦察工作上，以造福伊朗民族国家利益。它至少从2014年开始运营，并在金融、政府、能源、化工和电信等多个行业进行了广泛的目标定位。APT34使用公共和非公共工具的组合，经常使用受损账户进行鱼叉式钓鱼操作，有时加上社会工程策略。我们认为，APT34参与了一项长期的网络间谍行动，主要集中在有利于伊朗民族国家利益的侦察工作上，至少从2014年起就开始运作。我们评估，APT34代表伊朗政府工作，其基础设施细节包括提及伊朗、使用伊朗基础设施以及符合民族国家利益的目标。
18,APT37 ,朝鲜,"[Group123,ScarCruft]","[漏洞利用,钓鱼攻击]","[东南亚,日本]","[制造业,航空航天,医疗卫生,石油化工,汽车]",暂无数据,暂无数据,"APT37（Reaper group, Geumseong121, Group 123, Scarcruft, APT-S-008, Red Eyes, TEMP.Reaper, Ricochet Chollima, sun team）最近活动的分析表明，该集团的业务范围和复杂程度正在扩大，其工具集包括访问零日漏洞和雨刮器恶意软件。 我们高度自信地评估了这项活动是代表朝鲜政府进行的，因为恶意软件开发文物和目标与朝鲜国家利益一致。 FireEye iSIGHT Intelligence认为，APT37与公开报道为Scarcruft和Group123的活动保持一致。攻击目标逐渐扩展到日本及东南亚地区。主要攻击的行业包括化学、电子、制造、航空航天、汽车和医疗保健实体。该组织的所使用的攻击方法主要通过电子邮件或手机短信发送带有恶意.vbs或者.exe等格式的恶意文件，从而感染受害者。"
19,APT39 ,Iran,Chafer,SQL注入,暂无数据,暂无数据,暂无数据,暂无数据,创建APT39是为了汇集此演员使用的先前活动和方法，其活动基本上与公开称为“金龟子”的小组保持一致。 但是，由于组织如何跟踪活动的差异，公开报告的内容存在差异。 APT39主要利用SEAWEED和CACHEMONEY后门以及POWBAT后门的特定变体。
20,APT40 ,China,Leviathan,间谍活动,暂无数据,"[政府,制造业,民航,高等院校,国防]",暂无数据,暂无数据,"APT40:(TEMP.Periscope, TEMP.Jumper, NanHaiShu, Leviathan, Mudcarp)是一个网络间谍组织，自2013年以来一直活跃。该组织一般针对国防和政府组织，但也针对一系列行业，包括工程公司，航运和运输，制造，国防，政府办公室和研究型大学 在美国，西欧和南中国海"
21,APT41 ,China,,鱼叉式网络钓鱼电子邮件,暂无数据,暂无数据,暂无数据,暂无数据,APT41利用超过46种不同恶意软件系列和工具来完成任务，包括公开可用的实用程序，与其他中国间谍活动共享的恶意软件以及该组独有的工具。
22,APT6 ,China,,鱼叉式网络钓鱼攻击,暂无数据,暂无数据,暂无数据,暂无数据,警报显示，外国政府黑客仍然成功地从美国政府的服务器中窃取和窃取数据，他们的活动多年未被注意到。 在此之前的几个月，美国政府透露，一群被广泛认为是为中国政府工作的黑客已经有一年多的时间渗透到人事管理办公室（OPM）的计算机系统中。 在此过程中，他们窃取了数百万政府工作人员甚至是间谍的高度敏感数据。
23,APT-C-00 ,Vietnam(越南）,"[APT32,海莲花,APT-C-00,Ocean Lotus,Cobalt Kitty,SeaLotus]","[社会工程,鱼叉式网络钓鱼攻击,漏洞攻击,水坑攻击]","[东亚,东南亚,中国,菲律宾,越南,老挝,柬埔寨]","[政府,科研机构,企业,海事]",暂无数据,"[Cobalt Strike,NBTScan]",APT32是一个长期针对中国及其他东亚国家（地区）政府、科研机构、海运企业等领域进行攻击的APT组织。至少自2014年以来，APT32组织就对在越南制造业、消费品行业和酒店业中有既得利益的外国企业进行了长时间的入侵与渗透。同时他们还瞄准了网络安全与技术基础设施相关的公司。除了专注于与越南有关系的企业之外，该组织至少从2013年以来就一直以外国政府以及越南持不同政治意见的个人和媒体为主要目标。APT32有着充足的资源和开发能力，并使用跨越多种协议的自定义后门程序套件。并且他们还可能拥有macOS的后门开发功能。 海莲花组织近期的攻击方式多样，攻击链条复杂，但使用的核心攻击技术与最终木马载荷较为固定。作为本年度海莲花组织使用的主要远控攻击载荷， OenesRAT 木马值得被重点关注。海莲花使用了多种方式来释放DensRAT ，包括HTA 文件、 WinRAR 漏洞和 WinRAR 自解压文件。在木马进行分析后发现，与往年相比，海莲花组织对木马的能力需求继续上升，在要求其基本功能的同时还要求其具有高隐蔽性和高对抗性。目前，多级释放、内存加载、混淆和加密等技术已经成为海莲花各攻击链中的常规操作，这对安全厂商的检测能力和安全人员的分析能力提出了更高的要求。
24,APT-C-01 ,中国台湾,"[毒云藤,绿斑,Green Spot]",鱼叉网络钓鱼水坑攻击,中国,"[政府,教育,国防]",ZxShell,PoisonIvy,"APT-C-01（穷奇, 绿斑, GreenSpot, 白海豚, 毒云藤）组织是一个长期针对国内国防、政府、科技和教育领域的重要机构实施网络间谍攻击活动的APT团伙，其最早的攻击活动可以追溯到2007年，360威胁情报中心对该团伙的活动一直保持着持续的跟踪。团伙擅长对目标实施鱼叉攻击和水坑攻击，植入修改后的ZXShell、Poison Ivy、XRAT商业木马，并使用动态域名作为其控制基础设施。"
25,APT-C-06 ,朝鲜半岛（疑似韩国）,Darkhotel,"[DNS劫持,鱼叉攻击]","[中国,韩国,日本,俄罗斯]",酒店,暂无数据,暂无数据,"APT-C-06(Darkhotel，DUBNIUM, Fallout Team, Karba, Luder, Nemim, Nemin, Tapaoux, Pioneer, Shadow Crane, SIG25)是一个来自朝鲜半岛的网络间谍组织，该组织最早可以追溯到2004年，并且资源充足，一直活跃在网络空间。多年来，Darkhotel一直保持着使用酒店网络跟踪和攻击选定目标的能力，目标受害者连入酒店的网络后，攻击者通过伪造更新软件等手段植入恶意软件。他们的目标通常是来自各行各业的高级管理人员或者政府相关人员，他们在亚太地区开展业务和外包业务。该组织通过鱼叉式网络钓鱼对选定目标进行入侵，使用过高度先进的Flash零日攻击。Darkhotel的攻击目标遍布全球，其中有90%的受害者集中位于日本，中国，俄罗斯和韩国。"
26,APT-C-09 ,印度,"[Dropping Elephant,白象 ,摩诃草]",鱼叉攻击水坑攻击,"[东南亚,巴基斯坦]","[政府,外交,军事,能源]","[Quasar,RATTINYTYPHON]",暂无数据,"APT-C-09(Dropping Elephant、摩诃草、白象)自2015年12月被监测到，主要针对的目标是军事和政治机构，特别是那些与东南亚和南海问题相关的工作机构。2016年安全厂商追踪到该组织的攻击范围逐渐扩大，除了公共部门和企业外，涉及到的行业包括：航空、广播、能源、金融、非政府组织、制药、公有企业、出版、软件。攻击目标的地理位置也扩展到了美国之外，包括中国、日本、东南亚、英国等。而其攻击方式看来并没有太大变化：仍然是向目标发出时事新闻邮件。邮件中会包含攻击者的网站链接，这些网站的内容主要都是中国相关的——用Symantec的话来说，这些内容能够“吸引被攻击目标的兴趣”。目前摩诃草受害者集中于巴基斯坦境内，其中包括：巴基斯坦空军相关人员，内政部下属的国家数据库和管理局（NADRA）工作人员，核能相关的工作人员（PAEC 巴基斯坦原子能委员会）, 科研人员（PCSIR 巴基斯坦科学和工业研究理事会），各类通信公司和组织工作人员（SCO巴基斯坦特别通信组、Mobilink巴基斯坦移动公司、PTCL巴基斯坦电信公司）等。"
27,APT-C-12  ,暂无数据,蓝宝菇,鱼叉式邮件攻击,中国,"[政府,军工,科研机构,互联网,金融,核能]",暂无数据,"[PoisonIvy,PowerShell Loader]",APT-C-12：从2011年开始持续至今，高级攻击组织蓝宝菇（APT-C-12）对我国政府、军工、科研、金融等重点单位和部门进行了持续的网络间谍活动。该组织主要关注核工业和科研等相关信息。被攻击目标主要集中在中国大陆境内。该组织主要使用动态域名或IDC IP最为其控制基础设施，后续也常使用AWS S3、新浪云等云服务作为其上传和托管窃取的数据。
28,APT-C-15 ,暂无数据,"[Sphinx,人面狮]",暂无数据,暂无数据,暂无数据,暂无数据,暂无数据,"APT-C-15（人面狮, Sphinx）是活跃在中东地区的网络间谍组织，主要目标可能涉及到埃及和以色列等国家的不同组织，目的是窃取目标敏感数据信息。活跃时间主要集中在2014年6月到2015年11月期间，相关攻击活动最早可以追溯到2011年12月。主要采用利用社交网络进行水坑攻击。同时还使用移动端间谍软件AnubisSpy来开展间谍活动。"
29,APT-C-20 ,俄罗斯,"[APT28,Sofacy,Sednit,STRONTIUM,奇幻熊]","[漏洞利用,社会工程学,木马后门]",暂无数据,"[政府,国防]",暂无数据,"[X-Agent for Android,LoJax,AutoIt Zepakab,SedUploader,UEFI bootkit,Zekapab,Koadic,Canno]",APT28(Sofacy，Sednit，Pawn Storm，Group 74，Tsar Team，Fancy Bear，STRONTIUM，Swallowtail，TG-4127，Group-4127，TAG_0700，IRON TWILIGHT)是一支技术精湛的开发商和运营商团队，他们收集有关国防和地缘政治问题的情报 - 这些情报仅对政府有用。 该APT小组在工作时间（上午8点至下午6点）编译具有俄语设置的恶意软件样本，与俄罗斯主要城市（包括莫斯科和圣彼得堡）的时区一致。 这表明APT28从一个成熟的组织（很可能是俄罗斯政府）获得直接持续的财务和其他资源。
30,APT-C-23 ,暂无数据,"[双尾蝎,Two-tailed Scorpion]","[鱼叉式网络钓鱼攻击,水坑攻击]","[中东,巴勒斯坦]","[军事,教育]",暂无数据,暂无数据,"APT-C-23（双尾蝎, Arid Viper, Desert Falcon, AridViper, Big Bang）从2016年5月起，对巴勒斯坦的教育机构和军事机构等重要领域展开的了有组织，有计划，有针对性的长时间攻击。攻击平台包括Windows与Android，攻击范围主要为中东地区。该组织所使用的木马主要伪装成文档、播放器、聊天软件，以及一些特定领域常用软件，通过鱼叉式网络钓鱼或水坑攻击等攻击方式配合社会工程学手段进行渗透，向特定目标人群进行攻击。入侵成功后攻击者会窃取目标系统中的各类文档资料并且进行实时监控。"
31,APT-C-26 ,朝鲜,,暂无数据,暂无数据,暂无数据,暂无数据,暂无数据,"Lazarus（Operation DarkSeoul, Dark Seoul, Hidden Cobra, Hastati Group, Andariel, Unit 121, Bureau 121, NewRomanic Cyber Army Team, Bluenoroff, Subgroup: Bluenoroff, Group 77, Labyrinth Chollima, Operation Troy, Operation GhostSecret, Operation AppleJeus, APT38, APT 38, Stardust Chollima, Whois Hacking Team, Zinc, Appleworm, Nickel Academy, APT-C-26）是一个隶属于朝鲜政府政府的网络间谍组织，自2009年以来一直十分活跃。Lazarus集团的活动在2014年和2015年激增，其成员主要使用定制的恶意软件进行攻击。该组织先后对超过30个国家和地区发动过网络攻击，其中知名的行动有Operation GhostSecret，针对韩国的Troy Operation以及DarkSeoul Operation和2014年针对Sony公司的攻击等。该组织在全球范围内肆意活动，不仅有窃取资料的间谍活动，还有针对金融业以利益为目标的犯罪活动。2018年9月，美国对与Lazarus组织有关的3人提起了刑事指控。 Lazarus旗下有两个子组织，分别名为BlueNoroff和Andariel，后者专注于韩国的地缘政治和金融情报的间谍活动。"
32,APT-C-27 ,暂无数据,黄金鼠,"[社会工程学,水坑攻击]",叙利亚,暂无数据,暂无数据,暂无数据,"APT-C-27(黄金鼠, Goldmouse)组织从2014年11月起，对叙利亚地区展开了计划周密且目标明确的长时间不间断攻击。攻击平台从开始的Windows平台逐渐扩展至Android平台。恶意样本主要伪装成聊天软件及一些特定领域常用软件，通过水坑攻击方式配合社会工程学手段进行渗透，向特定目标人群进行攻击。该组织在攻击过程中使用了大量的资源，说明其资源丰富。并且他们的攻击主要以窃取信息为主的间谍活动。"
33,APT-C-34 ,中东,黄金雕,暂无数据,"[中亚,中国]","[政府,教育,传媒,航空航天]",暂无数据,暂无数据,APT-C-34 (Golden Falcon、黄金雕）是一个主要攻击中亚地区，大部分集中在哈萨克坦国境内的黑客组织，其受害者涉及各行各业，包括教育、航空航天、政府机关、媒体工作人员等，其中部分受害者有中国背景，涉及中国与哈萨克合作项目，而极少数的人位于中国西北部地区。
34,APT-C-35 ,"APT-C-35, SectorE02, Donot","[Donot,肚脑虫]",鱼叉式网络钓鱼攻击,巴基斯坦,暂无数据,暂无数据,暂无数据,"APT-C-35(肚脑虫, APT-C-35, SectorE02, Donot )最近，360威胁情报中心正在调查一起针对一名在中国工作的巴基斯坦商人的电子邮件网络钓鱼攻击。该活动的第一次攻击发生在2018年5月。攻击者已经接管了几个月的目标机器。将介绍此定位攻击的TTP以及补救建议。该组织最早在2018年3月由NetScout公司的ASERT团队进行了披露。该组织采用鱼叉攻击进行攻击，并且该组织有成熟的恶意代码框架EHDevel和yty，目前已经至少已经更新到了4.0版本"
35,APT-C-36 ,南美,,木马后门,哥伦比亚,"[政府,金融,制造业,石油化工]",暂无数据,暂无数据,APT-C-36（盲鹰)自2018年4月起，一个怀疑来自南美洲的APT小组对哥伦比亚政府机构以及金融业，石油业，专业制造业等重要企业进行了持续的针对性攻击 。
36,APT-C-37 ,中东地区背景，使用阿拉伯语且有政治动机的网络攻击组织。,拍拍熊,"[木马后门,网络钓鱼]","[中东,以色列,巴勒斯坦,埃及]","[政府,外交,传媒]",Houdini,PowerShell Loader,APT-C-37 也称“拍拍熊”是一个中东地区背景，使用阿拉伯语且有政治动机的APT攻击组织，自2015年被发现至今，频繁进行有组织、有计划、针对性的不间断攻击，特别是针对巴勒斯坦、以色列、埃及等中东动乱国家进行攻击。“拍拍熊”组织一直保持着积极的活跃度，典型的攻击目标包括政府机构、武装组织领导、媒体人士、政治活动家和外交官等。使用到的木马，继续采用了自解压、VB脚本和PowerShell无文件落地等多层技术隐藏木马实现规避杀毒软件查杀，以提高攻击的隐蔽性和持久性。
37,APT-C-38 ,暂无数据,,水坑攻击,暂无数据,暂无数据,暂无数据,暂无数据,从2015年7月起至今，军刀狮组织（APT-C-38）在中东地区展开了有组织、有计划、针对性的不间断攻击。
38,APT-C-39 ,美国,,暂无数据,中国,"[政府,科研机构,航空航天,互联网,石油,化工]",暂无数据,暂无数据,美国中央情报局(CIA)的网络攻击组织“APT-C-39”对中国进行长达11年的网络攻击渗透。在此期间，中国航空航天、科研机构、石油行业、大型互联网公司以及政府机构等多个单位均遭到不同程度的攻击。CIA的网络武器能够将任何设备变成监视设备，包括电脑、智能手机、游戏机、路由器和智能电视，甚至有能力入侵汽车、卡车和飞机。
39,APT-C-43 ,委内瑞拉反动派,,后门,委内瑞拉,"[政府,军事]",暂无数据,暂无数据,通过入侵委内瑞拉的各种军事机构，攻击者部署了后门，以不断监视和窃取最新军事机密。基于360命名APT组织的方式，我们将其命名为APT-C-43
40,Axiom ,中国,"[Winnti Group,apt17,Group72]",暂无数据,暂无数据,暂无数据,"[Derusbi,Hikit,Hydraq,ZxShell]",暂无数据,"APT17(Aurora Panda, APT 17, Deputy Dog, Group 8, Hidden Lynx, Tailgater Team, Axiom, Winnti Group, Group 72, Group72, Tailgater, Ragebeast, Blackfly, Lead, Wicked Spider, APT 17, Dogfish, Wicked Panda, Barium, APT17)是一个涉嫌与中国政府有关的网络间谍组织，策划并实施了SMN行动等一系列行动。该组织运营成熟，资金充足，其主要目标遍布亚洲、西欧和北美地区，包括政府机构、电路制造商、网络设备供应商、互联网企业、能源行业、媒体、非政府组织、律师事务所、电信服务商以及金融和教育行业。另外，该组织习惯使用鱼叉式网络钓鱼，以及使用已经攻陷的服务器或设备进行攻击，他们对感染的设备会进行识别，并筛选出感兴趣的组织进行更加深入的渗透，可以看出他们有着良好的组织性与执行力。"
41,Bahamut ,南亚,,暂无数据,"[南亚,中东]",暂无数据,暂无数据,暂无数据,”Bahamut”组织是Bellingcat披露的一个针对中东和南亚地区的APT攻击组织。该组织与确定了摩诃草组织(又称Hangover，Patchwork，DroppingElephant)与” Confucius”，” Bahamut”间存在一定的关联性
42,BITTER ,印度,蔓灵花,"[漏洞攻击,鱼叉攻击,水坑攻击]","[中国,巴基斯坦]","[政府,军事,电力,能源,核能]",暂无数据,暂无数据,BITTER(APT-C-08）最初是Forcepoint Security Labs发现的一系列针对巴基斯坦国民的攻击，该活动至少自2013年11月以来一直存在。360公司也发布了对BITTER的分析，并将其命名为蔓灵花APT组织。他们使用了InPage软件漏洞发起攻击。并且在2016年曾对中国进行过攻击活动。他们的恶意代码多以C语言为主，攻击目标为PC端以及Android设备。 一个长期针对中国及巴基斯坦的政府、军工、电力、核等部门发动网络攻击，窃取敏感资料，具有较强的政治背景。该组织最早在2016由美国安全公司Forcepoint进行了披露，他们发现攻击者使用的远程访问工具（RAT）变体使用的网络通信头包含 “BITTER”，所以该这次攻击命名为“BITTER”，同年国内安全厂商也跟进发布了分析报告，命名为“蔓灵花”。
43,BlackEnergy ,Russian Federation,"[Quedagh,Sandworm]",恶意软件,"[乌克兰,波兰]","[能源,工业制造]",暂无数据,暂无数据,Sandworm Team（BlackEnergy）是一家俄罗斯网络间谍组织，自2009年左右开始运营。该组织可能由俄罗斯的黑客行为主义者组成。
44,BlackOasis ,中东,,远控木马,"[阿富汗,伊拉克,伊朗,约旦,沙特阿拉伯,巴林,俄罗斯,英国,荷兰,利比亚,突尼斯]","[政府,传媒]",暂无数据,暂无数据,BlackOasis是一个中东威胁组织，据信是Gamma Group的客户。BlackOasis使用Adobe Flash编号为CVE-2017-11292的可以远程代码执行的0day漏洞传播FinSpy间谍软件。BlackOasis组织曾主要针对以下国家地区:俄罗斯、伊拉克、阿富汗、尼日利亚、利比亚、约旦、突尼斯、沙特阿拉伯、伊朗、荷兰、英国巴林和安哥拉，且主要目标为政府、新闻记者、联合国人士等。
45,BlackTech ,暂无数据,"[黑凤梨, T-APT-03]","[间谍活动,漏洞攻击,盗取证书,鱼叉攻击,恶意软件]","[东亚,中国,日本]","[金融,互联网,金融,企业]",暂无数据,暂无数据,"BlackTech（T-APT-03，黑凤梨，PLEAD, Shrouded Crossbow, Waterbear, Radio Panda）是一个网络间谍组织，针对东亚，特别是台湾，偶尔还有日本和香港的目标。基于其部分C＆C服务器的互斥体和域名，BlackTech的广告系列可能旨在窃取其目标技术。该组织常使用鱼叉攻击四处散播带有木马的钓鱼邮件，而诱饵就是各种紧贴热点话题的文件，它把带有木马的文件伪装成文档图标，跟正常文档打包在同一个压缩包中，然后以邮件附件的形式诱骗用户点击，同时使用漏洞打包成恶意文档文件也是该组织常用的手段之一。2017年9月，趋势科技在一篇分析中把近些年来看似不相关的三个网络攻击活动PLEAD, Shrouded Crossbow和Waterbear联系在了一起，通过攻击方式以及工具的解析，最终发现这三个活动都是由该组织所操控的。2018年7月，该组织还被发现使用被盗的D-Link证书分发Plead后门。"
46,Black Vine ,China,,SQL注入,暂无数据,暂无数据,暂无数据,暂无数据,通过焚烧他们的贸易工具和工具，以及使他们浪费过多的时间和努力来进行不成功的入侵企图，以此来向对手提高成本。这是一个成功执行这种威慑战略的故事，我们称之为HURRICANE PANDA。
47,bluenoroff: ,朝鲜,,暂无数据,暂无数据,暂无数据,暂无数据,暂无数据,bluenoroff:朝鲜Lazarus组织的分支结构bluenoroff，专门攻击军事
48,Bronze Butler ,China,"[Tick,REDBALDKNIGHT]","[社会工程,漏洞利用,恶意软件]",暂无数据,"[政府,工业制造]",暂无数据,暂无数据,BRONZE BUTLER是一个网络间谍组织，其中国起源可能至少自2008年以来一直活跃。该组织主要针对日本组织，特别是政府，生物技术，电子制造和工业化学领域的组织。
49,Buhtrap ,Russian Federation,,鱼叉式网络钓鱼,暂无数据,暂无数据,暂无数据,暂无数据,免费版Ammyy的远程管理员软件正在提供一个捆绑包，其中包含操作Buhtrap背后的团伙使用的NSIS安装程序。
50,Calypso ,亚洲国家,,暂无数据,暂无数据,暂无数据,暂无数据,暂无数据,国外研究人员最近揭露了新的APT组织Calypso，该组织至少从2016年9月以来一直活跃，主要动机是盗窃机密数据，目标包括巴西、印度、哈萨克斯坦、俄罗斯、泰国和土耳其的政府机构。攻击者使用ASPX Web Shell访问了受感染组织的内部网络，利用SysInternals、Nbtscan、DoublePulsar等公开工具和漏洞来上传webShell。在一次攻击中，该组织使用了Calypso RAT，PlugX和Byeby木马，Calypso RAT是该小组独有的恶意软件。同时，研究人员还发现了其dropper-stager分发了名为Hussar和FlyingDutchman的有效负载。该攻击组织疑似来自于亚洲国家。
51,Carbanak ,暂无数据,,"[恶意软件,网络钓鱼]",暂无数据,暂无数据,暂无数据,暂无数据,Carbanak是一个以银行为目标，利用同名后门进行间谍活动和数据过滤的复杂威胁集团。在2017年的一篇博客文章中，瑞士CERT发布了关于使用Dridex交付Carbanak恶意软件的网络钓鱼活动。
52,Chafer ,Iran,APT39,SQL注入,暂无数据,暂无数据,暂无数据,暂无数据,创建APT39是为了汇集此演员使用的先前活动和方法，其活动基本上与公开称为“金龟子”的小组保持一致。 但是，由于组织如何跟踪活动的差异，公开报告的内容存在差异。 APT39主要利用SEAWEED和CACHEMONEY后门以及POWBAT后门的特定变体。
53,ChessMaster ,暂无数据,,鱼叉式网络钓鱼电子邮件,暂无数据,暂无数据,暂无数据,暂无数据,以自称为ChessMaster为例，该活动针对日本学术界，科技企业，媒体机构，托管服务提供商和政府机构。它使用含有恶意软件的鱼叉式网络钓鱼电子邮件形式的各种毒药，包含诱饵文件。除了ChessMaster的最后阶段和典当之外，我们还发现了红旗，暗示它与APT 10的联系，也称为menuPass，POTASSIUM，Stone Panda，Red Apollo和CVNX。
54,Chinastrats ,India,Patchwork,"[鱼叉网络钓鱼,水坑攻击]",暂无数据,暂无数据,暂无数据,暂无数据,Dropping Elephant（也被称为“Chinastrats”和“Patchwork”）是一个相对较新的威胁演员，它使用一套定制的攻击工具瞄准各种高调的外交和经济目标。
55,Cleaver ,暂无数据,TG-2889,暂无数据,暂无数据,暂无数据,暂无数据,暂无数据,Cleaver(别名：Operation CleaverThreat Group 2889TG-2889)被怀疑是一个由伊朗有关的国家赞助的黑客组织。在一次名为Operation Cleaver的行动中，他们对全球范围内的重要基础设施进行了攻击，包括中国、加拿大、英国、法国、德国、印度、墨西哥、韩国和美国等地，其中美国受到的攻击明显高于其他地方。该组织所攻击的行业包括美国至少一个军事实体，海军陆战队内联网（NMCI）以及能源和公共事业等，同时，机场、主要航空公司、政府机构、运输公司、电信运营商、国防承包商和教育机构也都受到了攻击。
56,Cobalt Group ,暂无数据,,鱼叉式网络钓鱼电子邮件,暂无数据,暂无数据,暂无数据,暂无数据,Cobalt Group（又名TEMP.Metastrike）自2016年至少年初开始活跃，涉嫌在数十个国家发起攻击。
57,Cobalt Kitty ,Vietnam(越南）,"[APT32,海莲花,APT-C-00,Ocean Lotus,SeaLotus]","[社会工程,鱼叉式网络钓鱼攻击,漏洞攻击,水坑攻击]","[东亚,东南亚,中国,菲律宾,越南,老挝,柬埔寨]","[政府,科研机构,企业,海事]",暂无数据,"[Cobalt Strike,NBTScan]",APT32是一个长期针对中国及其他东亚国家（地区）政府、科研机构、海运企业等领域进行攻击的APT组织。至少自2014年以来，APT32组织就对在越南制造业、消费品行业和酒店业中有既得利益的外国企业进行了长时间的入侵与渗透。同时他们还瞄准了网络安全与技术基础设施相关的公司。除了专注于与越南有关系的企业之外，该组织至少从2013年以来就一直以外国政府以及越南持不同政治意见的个人和媒体为主要目标。APT32有着充足的资源和开发能力，并使用跨越多种协议的自定义后门程序套件。并且他们还可能拥有macOS的后门开发功能。 海莲花组织近期的攻击方式多样，攻击链条复杂，但使用的核心攻击技术与最终木马载荷较为固定。作为本年度海莲花组织使用的主要远控攻击载荷， OenesRAT 木马值得被重点关注。海莲花使用了多种方式来释放DensRAT ，包括HTA 文件、 WinRAR 漏洞和 WinRAR 自解压文件。在木马进行分析后发现，与往年相比，海莲花组织对木马的能力需求继续上升，在要求其基本功能的同时还要求其具有高隐蔽性和高对抗性。目前，多级释放、内存加载、混淆和加密等技术已经成为海莲花各攻击链中的常规操作，这对安全厂商的检测能力和安全人员的分析能力提出了更高的要求。
58,Confucius ,暂无数据,,自定义有效负载,暂无数据,暂无数据,暂无数据,暂无数据,Confucius是一个网络间谍组织，该组织的发现是在对Patchwork进行研究时发现的，并发现了许多相似之处。例如，他们的自定义恶意软件中的代码具有相似之处。孔子针对南亚国家的特定人群，如军人和商人等。但是两者具有不同的目标和操作方式，Patchwork主要是基于恶意软件的攻击，但Confucius可以被推断为更加细致入微，严重依赖于社会工程。
59,Conimes ,China,,鱼叉式网络钓鱼攻击,暂无数据,暂无数据,暂无数据,暂无数据,这名威胁演员使用鱼叉式网络钓鱼技术来破坏东南亚，印度和美国的外交目标。 它似乎也针对APT 30.可能使用与Mirage相同的基础设施
60,CopyKittens ,Iran,,"[远控木马,盗取证书]",暂无数据,暂无数据,暂无数据,暂无数据,CopyKittens是一家伊朗网络间谍组织，自2013年以来一直在运营。该组织负责名为Operation Wilted Tulip的活动。
61,CozyDuke ,俄罗斯,APT29,鱼叉式网络钓鱼攻击,"[中国,韩国,日本,德国,新西兰,美国,墨西哥]","[政府,外交,军事,能源,电信运营商]",暂无数据,暂无数据,"APT29(Dukes, Group 100, Cozy Duke, CozyDuke, EuroAPT, CozyBear, CozyCar, Cozer, Office Monkeys, OfficeMonkeys, APT29, Cozy Bear, The Dukes, Minidionis, SeaDuke, Hammer Toss, YTTRIUM, Iron Hemlock, Grizzly Steppe)是一个适应性和纪律严明的威胁组织，它将其活动隐藏在受害者的网络上，不经常地以非常类似于合法流量的方式进行通信。 通过使用合法的流行Web服务，该组还可以利用加密的SSL连接，使检测更加困难。 APT29是最具进化能力的威胁组织之一。 它部署了新的后门来修复自己的bug并添加功能。 它监视网络防御者活动以保持对系统的控制。 APT29仅使用受损服务器进行CnC通信。 它反对修复攻击的尝试。 它还为其恶意软件维持快速的开发周期，快速改变阻碍检测的工具。"
62,Dark Caracal ,Middle East,,"[恶意软件,水坑攻击]",暂无数据,暂无数据,暂无数据,暂无数据,Dark Caracal是威胁集团，归功于黎巴嫩通用安全总局（GDGS），至少自2012年开始运营。
63,Darkhotel ,朝鲜半岛（疑似韩国）,APT-C-06,"[DNS劫持,鱼叉攻击]","[中国,韩国,日本,俄罗斯]",酒店,暂无数据,暂无数据,"APT-C-06(Darkhotel，DUBNIUM, Fallout Team, Karba, Luder, Nemim, Nemin, Tapaoux, Pioneer, Shadow Crane, SIG25)是一个来自朝鲜半岛的网络间谍组织，该组织最早可以追溯到2004年，并且资源充足，一直活跃在网络空间。多年来，Darkhotel一直保持着使用酒店网络跟踪和攻击选定目标的能力，目标受害者连入酒店的网络后，攻击者通过伪造更新软件等手段植入恶意软件。他们的目标通常是来自各行各业的高级管理人员或者政府相关人员，他们在亚太地区开展业务和外包业务。该组织通过鱼叉式网络钓鱼对选定目标进行入侵，使用过高度先进的Flash零日攻击。Darkhotel的攻击目标遍布全球，其中有90%的受害者集中位于日本，中国，俄罗斯和韩国。"
64,DarkHydrus ,暂无数据,,自定义有效负载,暂无数据,暂无数据,暂无数据,暂无数据,在2018年7月，第42单元分析了针对中东至少一个政府机构使用新型文件类型的针对性攻击。 它由我们追踪的DarkHydrus先前未发表的威胁组执行。
65,Desert Falcons ,Middle East,,恶意软件,暂无数据,暂无数据,暂无数据,暂无数据,沙漠猎鹰队是一群新的网络雇佣兵，在中东地区开展工作，并在该地区开展网络间谍活动。 该组织使用自制恶意软件工具和技术，在PC和移动操作系统上执行和隐藏其活动。
66,Donot ,"APT-C-35, SectorE02, Donot","[APT-C-35,肚脑虫]",鱼叉式网络钓鱼攻击,巴基斯坦,暂无数据,暂无数据,暂无数据,"APT-C-35(肚脑虫, APT-C-35, SectorE02, Donot )最近，360威胁情报中心正在调查一起针对一名在中国工作的巴基斯坦商人的电子邮件网络钓鱼攻击。该活动的第一次攻击发生在2018年5月。攻击者已经接管了几个月的目标机器。将介绍此定位攻击的TTP以及补救建议。该组织最早在2018年3月由NetScout公司的ASERT团队进行了披露。该组织采用鱼叉攻击进行攻击，并且该组织有成熟的恶意代码框架EHDevel和yty，目前已经至少已经更新到了4.0版本"
67,Dragonfly ,Russian Federation,"[Energetic Bear,IRON LIBERTY]",恶意软件,暂无数据,暂无数据,暂无数据,暂无数据,一个收集能源行业情报的俄罗斯集团。 Dragonfly集团，也被其他供应商称为Energetic Bear，是一个有能力的团队，他们正在不断发展，主要针对能源部门和相关行业。
68,DragonOK ,China,Moafee,网络钓鱼邮件,暂无数据,暂无数据,暂无数据,暂无数据,DragonOK是一个针对日本组织使用网络钓鱼电子邮件的威胁组织。 由于TTP重叠，包括类似的自定义工具，DragonOK被认为与威胁组Moafee有直接或间接的关系。
69,Dropping Elephant ,印度,"[APT-C-09,白象, 摩诃草]","[鱼叉攻击,水坑攻击]","[东南亚,巴基斯坦]","[政府,外交,军事,能源]","[QuasarRAT,TINYTYPHON]",暂无数据,"APT-C-09(Dropping Elephant、摩诃草、白象)自2015年12月被监测到，主要针对的目标是军事和政治机构，特别是那些与东南亚和南海问题相关的工作机构。2016年安全厂商追踪到该组织的攻击范围逐渐扩大，除了公共部门和企业外，涉及到的行业包括：航空、广播、能源、金融、非政府组织、制药、公有企业、出版、软件。攻击目标的地理位置也扩展到了美国之外，包括中国、日本、东南亚、英国等。而其攻击方式看来并没有太大变化：仍然是向目标发出时事新闻邮件。邮件中会包含攻击者的网站链接，这些网站的内容主要都是中国相关的——用Symantec的话来说，这些内容能够“吸引被攻击目标的兴趣”。目前摩诃草受害者集中于巴基斯坦境内，其中包括：巴基斯坦空军相关人员，内政部下属的国家数据库和管理局（NADRA）工作人员，核能相关的工作人员（PAEC 巴基斯坦原子能委员会）, 科研人员（PCSIR 巴基斯坦科学和工业研究理事会），各类通信公司和组织工作人员（SCO巴基斯坦特别通信组、Mobilink巴基斯坦移动公司、PTCL巴基斯坦电信公司）等。"
70,DustSquad ,暂无数据,,恶意软件,暂无数据,暂无数据,暂无数据,暂无数据,在过去的两年里，我们一直在监控一个专注于中亚用户和外交实体的俄语网络间谍活动。我们将演员命名为DustSquad，并向我们的客户提供了涉及自定义Android和Windows恶意软件的四个广告系列的私人情报报告。
71,Elfin ,伊朗,APT33,鱼叉式网络钓鱼电子邮件,暂无数据,"[军事,能源,航空航天,石油化工]",暂无数据,暂无数据,"APT33(MAGNALLIUM, Elfin, Holmium, Refined Kitten, NewsBeef)的目标组织跨越多个行业，总部设在美国，沙特阿拉伯和韩国。 APT33特别关注涉及军事和商业能力的航空部门组织，以及与石化生产有关的能源部门组织。"
72,Emissary Panda ,China,"[Lucky,Mouse,APT27]",木马后门,暂无数据,暂无数据,暂无数据,暂无数据,"APT27(missaryPanda, LuckyMouse, Emissary Panda, TG-3390, APT 27, TEMP.Hippo, Group 35, Bronze Union, ZipToken, HIPPOTeam, Operation Iron Tiger, Iron Tiger APT, Threat Group-3390)由于使用的工具和策略，我们将该活动归因于LuckyMouse威胁组织（也称为EmissaryPanda和APT27）。 此外，C2域update.iaacstudio[.]com之前已在其广告系列中使用。"
73,Energetic Bear ,Russian Federation,"[Dragonfly,IRON LIBERTY]",恶意软件,暂无数据,暂无数据,暂无数据,暂无数据,一个收集能源行业情报的俄罗斯集团。 Dragonfly集团，也被其他供应商称为Energetic Bear，是一个有能力的团队，他们正在不断发展，主要针对能源部门和相关行业。
74,Equation Group ,美国,方程式,漏洞攻击,暂无数据,"[政府,外交,军事,传媒,金融,能源,交通运输,航空航天,电信运营商,核能]",暂无数据,暂无数据,"Equation Group（方程式, Tilded Team, Lamberts, Five Eyes, NSA, GCHQ, CSIS, ASIS, NZSIS, Equation Group）被卡巴斯基认为是目前世界上存在的最复杂的网络攻击组织。该组织使用的C&amp;C早在1996年就被注册，这暗示了该组织可能已经活跃了20年之久。多年以来，他们因总能比其他组织早发现漏洞，从而具有绝对的优势，涉及的行业包括政府和外交机构、电信、航天、能源、核研究、军事、纳米技术、宗教活动家、媒体、运输业、金融行业等。该组织拥有一套用于植入恶意代码的超级制式信息武器库（在友商报告中披露了其中6个），其中包括两个可以对数十种常见品牌的硬盘固件重编程的恶意模块，这可能是该组织掌握的最具特色的攻击武器，同时也是首个已知的能够感染硬盘固件的恶意代码。"
75,ETSO ,暂无数据,,C&C,暂无数据,暂无数据,暂无数据,暂无数据,ETSO Attack Group的APT攻击始于2011年7月18日的恶意软件分发。到目前为止，ETSO Attack Group已经针对各种目的猛烈攻击多家公司，例如窃取网络游戏公司的商业知识以及证书和网络资金。 ETSO Attack Group完全出于财务利益的原因提交攻击。
76,FIN10 ,暂无数据,,暂无数据,"[北美,加拿大]","[金融,银行]",暂无数据,暂无数据,"FIN10是一个以财务为动机的威胁集团，至少从2013年到2016年，一直以北美的组织为目标。该组织利用从受害者身上提取的被盗数据来敲诈组织.FireEye发表调查报告，指出一个称为FIN10的黑客组织，早于2013年起至2016年期间，入侵一些加拿大矿务公司和赌场的计算机系统，并且盗取了他们的敏感资料，然后勒索「赎金」。 FireEye属下Mandiant顾问服务公司表示，代号「FIN10」的黑客组织从2013年至2016年间，入侵接近10间加拿大矿业公司和赌场，要求目标公司支付100至500比特币，相当于35,000至170,000加元。基于与被入侵公司达成保密协议，FireEye拒绝透露遇袭公司的实际数目和名称。"
77,FIN4 ,美国,,恶意软件,美国,"[医疗卫生,医药企业]",暂无数据,暂无数据,FIN4是一个财务动机的威胁组织，2013年以来，FIN4黑客组织已经攻击了超过100家上市公司。该黑客组织专门攻击美国上市企业，窃取它们内部的并购、收购情报。目前FIN4入侵的100多家公司中，有超过2/3属于医疗和制药行业，其余都是咨询类公司。 FIN4的黑客们并没有使用任何0day漏洞或恶意程序来窃取敏感信息，仅仅是采用盗用邮箱账户入侵的方法。黑客们通过钓鱼邮件当作诱饵来吸引投资者和股东们的关注，而邮件里包含了一个嵌入了VBA宏的 Microsoft Office 文档，当用户打开这一文档时，它会突然弹出一个Outlook对话框，让用户填写登录凭证。
78,FIN6 ,暂无数据,,钓鱼邮件,暂无数据,暂无数据,"[Grabnew,FrameworkPOS]",PowerShell Loader,"FIN6(别名Skeleton Spider, ITG08）是一个网络犯罪集团，主要从酒店和零售行业的目标中窃取支付卡数据，然后将所窃取的数据在地下市场出售从而获取利润。该组织主要通过钓鱼邮件发送包含后门的恶意软件，从而入侵POS系统，然后窃取受害者的支付信息，并出售获利。据资料显示，FIN6与至少2000万张被盗信用卡有关，非法获利可能达4亿美元。"
79,FIN7 ,Russian Federation,Anunak,"[鱼叉式网络钓鱼攻击,恶意软件]",美国,"[金融,酒店,零售]",Carbanak,暂无数据,FIN7是一个有经济动机的威胁组织。 FIN7的一部分用于名为Combi Security的前端公司。 FIN7有时被称为Carbanak Group，但这些似乎是使用相同Carbanak恶意软件的两个组，因此分别进行跟踪。 FIN7组织以钓鱼邮件为攻击渠道，主要对美国金融机构渗透攻击。，据报已经从世界各地的公司，窃取了超过10亿美元。FIN7使用精密的鱼叉式网络钓鱼邮箱，来说服目标对象下载附件，然后透过附件，让其公司网络遭到恶意软件的感染。FIN7所使用的恶意软件，最常见的是Carbanak恶意软件的特制版本，已在对银行的多次攻击中使用过。
80,FIN8 ,暂无数据,,"[鱼叉式网络钓鱼攻击,木马后门]",暂无数据,"[医院,酒店]",暂无数据,PowerShell Loader,FIN8是一个有经济动机的威胁组织，致力于针对零售，餐饮和酒店行业推出量身定制的鱼叉式网络钓鱼活动。FIN8擅长使用命令行逃逸技术和混淆技术。2017年初，黑客组织FIN8开始使用环境变量配合PowerShell通过StdIn（标准输入）来躲避基于命令行参数处理的安全检测方法。
81,FruityArmor ,暂无数据,Stealth Falcon,暂无数据,暂无数据,暂无数据,暂无数据,暂无数据,Stealth Falcon(FruityArmor)是一个进行有针对性的间谍攻击的网络组织。该组织主要针对阿联酋记着、社会活动家以及不同的政见者。从2012年至今一直活跃。有证据表明该组织与阿联酋政府之间存在联系。几年来，Stealth Falcon的官方Twitter发送了31条公开推文，其中30条直接针对27名受害者之一。在27个目标中，24个明显与阿联酋有关。
82,GALLIUM ,暂无数据,,暂无数据,暂无数据,暂无数据,暂无数据,暂无数据,GALLIUM组织在从东南亚、欧洲和非洲同时进行多个攻击行动，该黑客组织利用未修补的漏洞来破坏运行 WildFly / JBoss 应用程序服务器的网络端公开系统。 GALLIUM 的攻击活动和其使用的某些域与 Operation SoftCell 共享，这意味着包含 APT10 ， APT27 和 APT40 在内的工具均可能成为整个行动的一部分。
83,Gallmaker ,暂无数据,,恶意软件,暂无数据,暂无数据,暂无数据,暂无数据,Gallmaker组织是一个以政府、军事、国防部门及东欧国家的海外使馆为攻击目标的APT组织，该组织至少自2017年12月开始运营。该组织在在2018年10月由赛门铁克进行了曝光。该组织最大的特点是使用公开的工具进行攻击，因此来隐藏自己的身份。
84,Gamaredon ,俄罗斯,,"[漏洞利用,恶意软件]",乌克兰,"[政府,军事]",暂无数据,Pteranodon,Gamaredon:Palo Alto Networks安全研究人员最近观察到威胁组分发新的，定制的恶意软件。 将这个威胁组织标记为Gamaredon集团，我们的研究表明，Gamaredon集团至少自2013年以来一直活跃。过去，Gamaredon集团在很大程度上依赖于现成的工具。 我们的新研究显示，Gamaredon集团已转向定制开发的恶意软件。 我们相信这一转变表明Gamaredon集团已经提高了他们的技术能力。Gamaredon Group主要利用受感染域名、动态DNS提供商、俄罗斯和乌克兰国家代码顶级域名（ccTLD）以及俄罗斯托管服务提供商来分发其定制的恶意软件。该组织被怀疑与一次针对乌克兰军方和国家安全的行动“Operation Armageddon”有关。
85,Gaza Cybergang ,Middle East,,伪造证书,暂无数据,暂无数据,暂无数据,暂无数据,Molerats是一个政治动机的威胁组织，自2012年以来一直在运作。
86,Goblin Panda ,China,Hellsing,鱼叉式网络钓鱼电子邮件,暂无数据,暂无数据,暂无数据,暂无数据,这名威胁演员使用鱼叉式网络钓鱼技术来破坏东南亚，印度和美国的外交目标。 它似乎也针对APT 30.可能使用与Mirage相同的基础设施。
87,GoldenEyeDog ,暂无数据,黄金狗,暂无数据,暂无数据,暂无数据,暂无数据,暂无数据,金眼狗：奇安信病毒响应中心在日常跟踪黑产团伙过程中，发现了一个针对在东南亚从事博·彩、狗推相关人员以及海外华人群体的黑客团伙，其业务范围涵盖远控、挖矿、DDOS和流量相关。样本主要在Telegram群组中进行传播，样本免杀效果好，有些诱饵针对性强，且极具诱惑性。 目前已经检测到海外用户大量中招，国内少量中招，鉴于其危害较大，奇安信病毒响应中心对其进行了分析溯源，并结合相关线索，披露了该黑客团伙。 由于该团伙针对博·彩行业，且与我们此前追踪的零零狗组织有着相似的目标且目的为敛金，诱饵名恶俗不堪似，不可入眼，因此我们将该黑客组织取名为金眼狗，英文名GoldenEyeDog。
88,Greenbug ,Iran,,"[网络钓鱼攻击,恶意软件]",暂无数据,暂无数据,暂无数据,暂无数据,Greenbug被发现针对中东的一系列组织，包括航空，能源，政府，投资和教育部门的公司。 该组使用一种称为Trojan.Ismdoor的自定义信息窃取远程访问特洛伊木马（RAT）以及一系列黑客工具来窃取受感染组织的敏感凭据。
89,Green Spot ,中国台湾,"[APT-C-01,毒云藤,绿斑]","[鱼叉网络钓鱼,水坑攻击]",中国,"[政府,教育,国防]",ZxShell,PoisonIvy,"APT-C-01（穷奇, 绿斑, GreenSpot, 白海豚, 毒云藤）组织是一个长期针对国内国防、政府、科技和教育领域的重要机构实施网络间谍攻击活动的APT团伙，其最早的攻击活动可以追溯到2007年，360威胁情报中心对该团伙的活动一直保持着持续的跟踪。团伙擅长对目标实施鱼叉攻击和水坑攻击，植入修改后的ZXShell、Poison Ivy、XRAT商业木马，并使用动态域名作为其控制基础设施。"
90,GreyEnergy ,俄罗斯（东欧）,,暂无数据,暂无数据,工业制造,暂无数据,暂无数据,GreyEnergy：一个专注于工业系统的APT组织。BlackEnergy组织的继任者。
91,Group123 ,朝鲜,"[APT37,ScarCruft]",漏洞利用钓鱼攻击,"[东南亚,日本]","[制造业,航空航天,医疗卫生,石油化工,汽车]",暂无数据,暂无数据,"APT37（Reaper group, Geumseong121, Group 123, Scarcruft, APT-S-008, Red Eyes, TEMP.Reaper, Ricochet Chollima, sun team）最近活动的分析表明，该集团的业务范围和复杂程度正在扩大，其工具集包括访问零日漏洞和雨刮器恶意软件。 我们高度自信地评估了这项活动是代表朝鲜政府进行的，因为恶意软件开发文物和目标与朝鲜国家利益一致。 FireEye iSIGHT Intelligence认为，APT37与公开报道为Scarcruft和Group123的活动保持一致。攻击目标逐渐扩展到日本及东南亚地区。主要攻击的行业包括化学、电子、制造、航空航天、汽车和医疗保健实体。该组织的所使用的攻击方法主要通过电子邮件或手机短信发送带有恶意.vbs或者.exe等格式的恶意文件，从而感染受害者。"
92,Group72 ,中国,"[Winnti Group,apt17,Axiom]",暂无数据,暂无数据,暂无数据,"[Derusbi,Hikit,Hydraq,ZxShell]",暂无数据,"APT17(Aurora Panda, APT 17, Deputy Dog, Group 8, Hidden Lynx, Tailgater Team, Axiom, Winnti Group, Group 72, Group72, Tailgater, Ragebeast, Blackfly, Lead, Wicked Spider, APT 17, Dogfish, Wicked Panda, Barium, APT17)是一个涉嫌与中国政府有关的网络间谍组织，策划并实施了SMN行动等一系列行动。该组织运营成熟，资金充足，其主要目标遍布亚洲、西欧和北美地区，包括政府机构、电路制造商、网络设备供应商、互联网企业、能源行业、媒体、非政府组织、律师事务所、电信服务商以及金融和教育行业。另外，该组织习惯使用鱼叉式网络钓鱼，以及使用已经攻陷的服务器或设备进行攻击，他们对感染的设备会进行识别，并筛选出感兴趣的组织进行更加深入的渗透，可以看出他们有着良好的组织性与执行力。"
93,Hellsing ,China,Goblin Panda,鱼叉式网络钓鱼电子邮件,暂无数据,暂无数据,暂无数据,暂无数据,这名威胁演员使用鱼叉式网络钓鱼技术来破坏东南亚，印度和美国的外交目标。 它似乎也针对APT 30.可能使用与Mirage相同的基础设施。
94,Hidden Cobra ,朝鲜,Lazarus,"[DDoS,恶意软件]",暂无数据,暂无数据,暂无数据,暂无数据,自2009年以来，HIDDEN COBRA参与者利用其能力瞄准并妥协一系列受害者; 一些入侵导致了数据的渗透，而其他入侵本质上是破坏性的。 商业报道将此活动称为拉撒路集团和和平卫士。 HIDDEN COBRA演员使用的工具和功能包括DDoS僵尸网络，键盘记录程序，远程访问工具（RAT）和雨刷恶意软件。 HIDDEN COBRA演员使用的恶意软件和工具的变种包括Destover，Duuzer和Hangman。
95,HUC ,China,,SQL注入,暂无数据,暂无数据,暂无数据,暂无数据,一个以黑客行为闻名的团体，主要出现在中国。从字面上看，这个名字的意思是”红色宾客“，与通常的中国黑客音译相比。
96,Icefog ,China,,"[漏洞利用,鱼叉网络钓鱼]",暂无数据,暂无数据,暂无数据,暂无数据,“Icefog”是一种先进的持久性威胁，自2011年以来一直活跃，主要针对日本和韩国。 已知目标包括政府机构，军事承包商，海事和造船集团，电信运营商，工业和高科技公司以及大众媒体。
97,Iron ,暂无数据,Rocke,"[恶意软件,木马后门]",暂无数据,暂无数据,暂无数据,暂无数据,Iron Group已经为Windows，Linux和Android平台开发了多种类型的恶意软件（后门，加密矿工和勒索软件）。 他们使用恶意软件成功感染了至少数千名受害者。
98,IRON LIBERTY ,Russian Federation,"[Energetic Bear,Dragonfly]",恶意软件,暂无数据,暂无数据,暂无数据,暂无数据,一个收集能源行业情报的俄罗斯集团。 Dragonfly集团，也被其他供应商称为Energetic Bear，是一个有能力的团队，他们正在不断发展，主要针对能源部门和相关行业。
99,Ke3Chang ,China,APT15,鱼叉式网络钓鱼攻击,暂无数据,暂无数据,暂无数据,暂无数据,"APT:15(Vixen Panda, APT15, APT 15, Royal APT, Playful Dragon, GREF, Metushy, Lurid, Social Network Team, Mirage, APT15, Ke3chang)这个威胁行为者使用网络钓鱼技术来破坏欧洲国家外交部的网络以进行间谍活动。"
100,KeyBoy ,China,,木马后门,暂无数据,暂无数据,暂无数据,暂无数据,在这篇博客文章中，我们将分析两个明显针对越南和印度受害者的具体事件，我们将描述为了方便而使用的定制后门的功能（据我们所知，缺少现有名称）我们 调用KeyBoy，因为其中一个样本中存在一个字符串。
101,Kimsuky ,朝鲜(东亚）,,鱼叉攻击,"[韩国,美国]",传媒,暂无数据,暂无数据,2013年9月发现针对韩国军事智库的大规模网络间谍活动，并引用恶意代码中词语“Kimsuky”对其命名。“Kimsuky”恶意软件通过钓鱼邮件进行传播，具有记录键盘输入、收集目录列表、远程控制和访问等功能，并可在入侵的计算机上开设后门，与保加利亚的一家电子邮件服务商通信。经过分析，“Kimsuky”恶意软件具有一些地缘政治特性，源代码中包含朝鲜语词汇，可专门窃取HWP格式的文档（由韩国Hancom Office软件创建，在韩国政府中广泛使用）并关闭安博士公司的杀毒软件（安博士是韩国著名的反病毒企业）。
102,Lamberts ,美国,Longhorn,暂无数据,"[中东,北非,南非,西欧,东欧,北亚,中非,亚洲]","[政府,信息技术,教育,金融,能源,航空航天,电信运营商]",暂无数据,暂无数据,Longhorn（(又名Longhorn)）是一个美国的网络间谍组织，至少自2011年以来一直活跃。除了零日漏洞之外，它还使用了一系列后门木马来对其目标进行攻击。除了金融、电信、能源、航空航天、信息技术、教育和自然资源领域的目标外，Longhorn还渗透了政府和国际运营组织。Longhorn的受害者遍布中东、欧洲、亚洲、非洲的超过16个国家的40个目标。Longhorn的恶意软件似乎是专为间谍型操作而构建的，具有详细的系统指纹识别和渗透功能。这些恶意软件具有高度的操作安全性，仅在选定的时间与外部进行通信，并对已过滤的数据进行上传限制，以及对通信间隔的做了随机化处理。
103,Lazarus ,朝鲜,Hidden Cobra,"[DDoS,恶意软件]",暂无数据,暂无数据,暂无数据,暂无数据,自2009年以来，HIDDEN COBRA参与者利用其能力瞄准并妥协一系列受害者; 一些入侵导致了数据的渗透，而其他入侵本质上是破坏性的。 商业报道将此活动称为拉撒路集团和和平卫士。 HIDDEN COBRA演员使用的工具和功能包括DDoS僵尸网络，键盘记录程序，远程访问工具（RAT）和雨刷恶意软件。 HIDDEN COBRA演员使用的恶意软件和工具的变种包括Destover，Duuzer和Hangman。
104,Leviathan ,China,APT40,间谍活动,暂无数据,"[政府,制造业,民航,高等院校,国防]",暂无数据,暂无数据,"APT40:(TEMP.Periscope, TEMP.Jumper, NanHaiShu, Leviathan, Mudcarp)是一个网络间谍组织，自2013年以来一直活跃。该组织一般针对国防和政府组织，但也针对一系列行业，包括工程公司，航运和运输，制造，国防，政府办公室和研究型大学 在美国，西欧和南中国海"
105,Longhorn ,美国,Lamberts,暂无数据,"[中东,北非,南非,西欧,东欧,北亚,中非,亚洲]","[政府,信息技术,教育,金融,能源,航空航天,电信运营商]",暂无数据,暂无数据,Longhorn（(又名Longhorn)）是一个美国的网络间谍组织，至少自2011年以来一直活跃。除了零日漏洞之外，它还使用了一系列后门木马来对其目标进行攻击。除了金融、电信、能源、航空航天、信息技术、教育和自然资源领域的目标外，Longhorn还渗透了政府和国际运营组织。Longhorn的受害者遍布中东、欧洲、亚洲、非洲的超过16个国家的40个目标。Longhorn的恶意软件似乎是专为间谍型操作而构建的，具有详细的系统指纹识别和渗透功能。这些恶意软件具有高度的操作安全性，仅在选定的时间与外部进行通信，并对已过滤的数据进行上传限制，以及对通信间隔的做了随机化处理。
106,Lotus Blossom ,China,,鱼叉式网络钓鱼攻击,暂无数据,暂无数据,暂无数据,暂无数据,Lotus Blossom是一个针对东南亚政府和军事组织的威胁组织。
107,LuckyMouse ,China,"[Emissary Panda,APT27]",木马后门,暂无数据,暂无数据,暂无数据,暂无数据,"APT27(missaryPanda, LuckyMouse, Emissary Panda, TG-3390, APT 27, TEMP.Hippo, Group 35, Bronze Union, ZipToken, HIPPOTeam, Operation Iron Tiger, Iron Tiger APT, Threat Group-3390)由于使用的工具和策略，我们将该活动归因于LuckyMouse威胁组织（也称为EmissaryPanda和APT27）。 此外，C2域update.iaacstudio[.]com之前已在其广告系列中使用。"
108,Machete ,暂无数据,,鱼叉式网络钓鱼电子邮件,暂无数据,暂无数据,暂无数据,暂无数据,“大砍刀”是一种具有西班牙语根源的针对性攻击活动。 我们相信此活动始于2010年，并在2012年通过改进的基础设施进行了更新。该活动可能仍然“活跃”。
109,MageCart ,暂无数据,,恶意脚本,暂无数据,暂无数据,暂无数据,暂无数据,该组的名称是MageCart，它使用的脚本与ATM上的网络犯罪分子使用的物理卡片浏览设备具有相同的效果。在典型的攻击中，该组织通过破坏常用的第三方功能来扩大网络，允许访问数百个网站。
110,Moafee ,China,DragonOK,网络钓鱼邮件,暂无数据,暂无数据,暂无数据,暂无数据,DragonOK是一个针对日本组织使用网络钓鱼电子邮件的威胁组织。 由于TTP重叠，包括类似的自定义工具，DragonOK被认为与威胁组Moafee有直接或间接的关系。
111,MoneyTaker ,暂无数据,,"[网络钓鱼攻击,恶意软件]",暂无数据,暂无数据,暂无数据,暂无数据,虽然该集团已成功瞄准不同国家的多家银行，但迄今为止，这些银行尚未报告。除了银行，MoneyTaker集团还攻击了律师事务所和金融软件供应商。
112,MuddyWater ,伊朗,,"[C&C,恶意软件]","[中东,印度,美国,欧洲]","[政府,石油,电信业]",暂无数据,暂无数据,MuddyWater 是伊朗的 APT 组织，攻击主要针对中东地区、欧洲和北美地区，目标主要是政府、电信和石油部门， 具有强烈的政治目的。该组织的活动曾经与FIN7组织相关，但相关研究人员替遍认为该组织是一个专门从事间谍活动相关的独立组织。 MuddyWater新型攻击趋势是在使用以往的VBS和Powershell脚本工具的同事，逐步开始使用Delphi编写的RAT工具，同事向Android等移动端设备上迁移。这暗示该组织仍然在不断的开发新的工具，并利用新的攻击技术以抵御更加严密的检测。
113,Naikon ,China,APT30,木马后门,暂无数据,暂无数据,暂无数据,暂无数据,APT30不仅注重长期持续活动，而且至少自2005年以来成功修改和调整源代码以维护相同的工具，策略和基础设施。证据表明，该组优先考虑目标，很可能是轮班工作 在协作环境中，从一致的开发计划中构建恶意软件。 自2005年以来，该组织有能力感染气隙网络。
114,NewsBeef ,Iran,,间谍活动,暂无数据,暂无数据,暂无数据,暂无数据,迷人的小猫是一个自2014年左右开始活跃的伊朗网络间谍组织。他们似乎专注于针对在学术研究，人权和媒体工作的伊朗感兴趣的个人，其中大多数受害者位于伊朗， 美国，以色列和英国。迷人小猫通常会尝试访问私人电子邮件和Facebook帐户，有时会在受害者计算机上建立一个立足点作为次要目标。该组的TTP与另一组Rocket Kitten大量重叠，导致报告可能 不区分两组的活动。
115,Nitro ,暂无数据,,鱼叉式网络钓鱼攻击,暂无数据,暂无数据,暂无数据,暂无数据,今年7月中旬，我们注意到另一个合法网站遭到了APT参与者的攻击并且正在服务于恶意软件。在这种情况下，它是一个通常被称为“Nitro”的组，它是赛门铁克在其2011年白皮书中创造的。
116,Ocean Lotus ,Vietnam(越南）,"[APT32,海莲花,APT-C-00,Cobalt Kitty,SeaLotus]","[社会工程,鱼叉式网络钓鱼攻击,漏洞攻击,水坑攻击]","[东亚,东南亚,中国,菲律宾,越南,老挝,柬埔寨]","[政府,科研机构,企业,海事]",暂无数据,"[Cobalt Strike,NBTScan]",APT32是一个长期针对中国及其他东亚国家（地区）政府、科研机构、海运企业等领域进行攻击的APT组织。至少自2014年以来，APT32组织就对在越南制造业、消费品行业和酒店业中有既得利益的外国企业进行了长时间的入侵与渗透。同时他们还瞄准了网络安全与技术基础设施相关的公司。除了专注于与越南有关系的企业之外，该组织至少从2013年以来就一直以外国政府以及越南持不同政治意见的个人和媒体为主要目标。APT32有着充足的资源和开发能力，并使用跨越多种协议的自定义后门程序套件。并且他们还可能拥有macOS的后门开发功能。 海莲花组织近期的攻击方式多样，攻击链条复杂，但使用的核心攻击技术与最终木马载荷较为固定。作为本年度海莲花组织使用的主要远控攻击载荷， OenesRAT 木马值得被重点关注。海莲花使用了多种方式来释放DensRAT ，包括HTA 文件、 WinRAR 漏洞和 WinRAR 自解压文件。在木马进行分析后发现，与往年相比，海莲花组织对木马的能力需求继续上升，在要求其基本功能的同时还要求其具有高隐蔽性和高对抗性。目前，多级释放、内存加载、混淆和加密等技术已经成为海莲花各攻击链中的常规操作，这对安全厂商的检测能力和安全人员的分析能力提出了更高的要求。
117,OilRig ,伊朗,APT34,漏洞利用,"[中东,中国,土耳其,阿尔巴尼亚]","[政府,金融,能源,石油化工,电信业]",暂无数据,暂无数据,APT34(OilRig）参与了一项长期的网络间谍行动，主要集中在侦察工作上，以造福伊朗民族国家利益。它至少从2014年开始运营，并在金融、政府、能源、化工和电信等多个行业进行了广泛的目标定位。APT34使用公共和非公共工具的组合，经常使用受损账户进行鱼叉式钓鱼操作，有时加上社会工程策略。我们认为，APT34参与了一项长期的网络间谍行动，主要集中在有利于伊朗民族国家利益的侦察工作上，至少从2014年起就开始运作。我们评估，APT34代表伊朗政府工作，其基础设施细节包括提及伊朗、使用伊朗基础设施以及符合民族国家利益的目标。
118,Orangeworm ,暂无数据,,木马后门,暂无数据,暂无数据,暂无数据,暂无数据,赛门铁克发现了一个名为Orangeworm的先前未知的组织，据观察，该组织在美国，欧洲和亚洲的医疗保健行业内运营的大型跨国公司中安装了名为Trojan.Kwampirs的定制后门。
119,Patchwork ,India,Chinastrats,"[鱼叉网络钓鱼,水坑攻击]",暂无数据,暂无数据,暂无数据,暂无数据,Dropping Elephant（也被称为“Chinastrats”和“Patchwork”）是一个相对较新的威胁演员，它使用一套定制的攻击工具瞄准各种高调的外交和经济目标。
120,Pitty Tiger ,China,,网络钓鱼邮件,暂无数据,暂无数据,暂无数据,暂无数据,Pitty Tiger小组自2011年以来一直活跃。他们被发现使用HeartBleed漏洞直接获得有效凭证
121,Platinum ,暂无数据,TwoForOne,暂无数据,暂无数据,暂无数据,暂无数据,暂无数据,Platinum自2009年以来一直保持着活跃，主要针对南亚和东南亚的政府组织、国防机构、情报机构和电信供应商。该组织已经竭尽全力开发其实用工具的隐秘技术，这使他们能够进行多年的网络间谍活动而不容易被发现。该组织使用hotpatching技术，来试图掩盖他们的后门。
122,ProjectSauron ,美国,Strider,暂无数据,"[中国,白俄罗斯]",暂无数据,暂无数据,暂无数据,"Project Sauron(Strider, Sauron, ProjectSauron, 索伦之眼, projectsauron)"
123,Putter Panda ,China,,恶意软件,暂无数据,暂无数据,暂无数据,暂无数据,Putter Panda是一个中国威胁组织，归属于解放军第三届总参谋部（GSD）第12局的61486部队。
124,Quedagh ,Russian Federation,"[Sandworm,BlackEnergy]",恶意软件,"[乌克兰,波兰]","[能源,工业制造]",暂无数据,暂无数据,Sandworm Team（BlackEnergy）是一家俄罗斯网络间谍组织，自2009年左右开始运营。该组织可能由俄罗斯的黑客行为主义者组成。
125,Rancor ,暂无数据,,恶意软件,暂无数据,暂无数据,暂无数据,暂无数据,根据证据，这些攻击似乎是由使用以前未知的恶意软件系列的同一组攻击者进行的。此外，这些攻击似乎在分发所使用的恶意软件以及所选目标方面具有高度针对性。基于这些因素，第42单元认为这些攻击背后的攻击者正在进行间谍活动。
126,REDBALDKNIGHT ,China,"[Tick,Bronze Butler]","[社会工程,漏洞利用,恶意软件]",暂无数据,"[政府,工业制造]",暂无数据,暂无数据,BRONZE BUTLER是一个网络间谍组织，其中国起源可能至少自2008年以来一直活跃。该组织主要针对日本组织，特别是政府，生物技术，电子制造和工业化学领域的组织。
127,Rocke ,暂无数据,Iron,"[恶意软件,木马后门]",暂无数据,暂无数据,暂无数据,暂无数据,Iron Group已经为Windows，Linux和Android平台开发了多种类型的恶意软件（后门，加密矿工和勒索软件）。 他们使用恶意软件成功感染了至少数千名受害者。
128,Rocket Kitten ,Iran,,间谍活动,暂无数据,暂无数据,暂无数据,暂无数据,Rocket Kitten是一个来自于伊朗的网络间谍组织。自2014年以来一直处于活跃状态。该组织主要的目标是中东的个人和组织（包括伊朗内部的目标），以及整个欧洲和美国。该组织使用自定义的恶意软件攻陷了许多目标组织，同时在他们的基础设施被发现后他们能很快的修改工具或使用新的基础设施。该组织的目标包括各国外交官、大使馆、媒体、学术机构、科学家，尤其是物理学和核能方面的科学家。在攻击过程中，该组织大量的使用钓鱼邮件和鱼叉式网络钓鱼手段。而且，有研究称该组织的攻击方式与伊朗革命卫队的手段相似。
129,Sandworm ,Russian Federation,"[Quedagh,BlackEnergy]",恶意软件,"[乌克兰,波兰]","[能源,工业制造]",暂无数据,暂无数据,Sandworm Team（BlackEnergy）是一家俄罗斯网络间谍组织，自2009年左右开始运营。该组织可能由俄罗斯的黑客行为主义者组成。
130,Scarab ,暂无数据,,恶意软件,暂无数据,暂无数据,暂无数据,暂无数据,我们称之为Scarab的一群攻击者自2012年1月以来一直在对俄罗斯境内外的特定俄语人士进行高度针对性攻击。
131,ScarCruft ,朝鲜,"[APT37,Group123]","[漏洞利用,钓鱼攻击]","[东南亚,日本]","[制造业,航空航天,医疗卫生,石油化工,汽车]",暂无数据,暂无数据,"APT37（Reaper group, Geumseong121, Group 123, Scarcruft, APT-S-008, Red Eyes, TEMP.Reaper, Ricochet Chollima, sun team）最近活动的分析表明，该集团的业务范围和复杂程度正在扩大，其工具集包括访问零日漏洞和雨刮器恶意软件。 我们高度自信地评估了这项活动是代表朝鲜政府进行的，因为恶意软件开发文物和目标与朝鲜国家利益一致。 FireEye iSIGHT Intelligence认为，APT37与公开报道为Scarcruft和Group123的活动保持一致。攻击目标逐渐扩展到日本及东南亚地区。主要攻击的行业包括化学、电子、制造、航空航天、汽车和医疗保健实体。该组织的所使用的攻击方法主要通过电子邮件或手机短信发送带有恶意.vbs或者.exe等格式的恶意文件，从而感染受害者。"
132,SEA ,叙利亚,,"[拒绝服务攻击,垃圾邮件,网站污损,恶意软件,网络钓鱼]",暂无数据,暂无数据,暂无数据,暂无数据,SEA:叙利亚电子军（SEA）是一群计算机黑客，于2011年首次在网上出现，以支持叙利亚总统巴沙尔·阿萨德的政府。
133,SeaLotus ,Vietnam(越南）,"[APT32,海莲花,APT-C-00,Ocean Lotus,Cobalt Kitty]","[社会工程,鱼叉式网络钓鱼攻击,漏洞攻击,水坑攻击]","[东亚,东南亚,中国,菲律宾,越南,老挝,柬埔寨]","[政府,科研机构,企业,海事]",暂无数据,"[Cobalt Strike,NBTScan]",APT32是一个长期针对中国及其他东亚国家（地区）政府、科研机构、海运企业等领域进行攻击的APT组织。至少自2014年以来，APT32组织就对在越南制造业、消费品行业和酒店业中有既得利益的外国企业进行了长时间的入侵与渗透。同时他们还瞄准了网络安全与技术基础设施相关的公司。除了专注于与越南有关系的企业之外，该组织至少从2013年以来就一直以外国政府以及越南持不同政治意见的个人和媒体为主要目标。APT32有着充足的资源和开发能力，并使用跨越多种协议的自定义后门程序套件。并且他们还可能拥有macOS的后门开发功能。 海莲花组织近期的攻击方式多样，攻击链条复杂，但使用的核心攻击技术与最终木马载荷较为固定。作为本年度海莲花组织使用的主要远控攻击载荷， OenesRAT 木马值得被重点关注。海莲花使用了多种方式来释放DensRAT ，包括HTA 文件、 WinRAR 漏洞和 WinRAR 自解压文件。在木马进行分析后发现，与往年相比，海莲花组织对木马的能力需求继续上升，在要求其基本功能的同时还要求其具有高隐蔽性和高对抗性。目前，多级释放、内存加载、混淆和加密等技术已经成为海莲花各攻击链中的常规操作，这对安全厂商的检测能力和安全人员的分析能力提出了更高的要求。
134,SectorA05 ,暂无数据,,网络钓鱼攻击,暂无数据,暂无数据,暂无数据,暂无数据,2019年1月初，向77名记者发送了一封包含恶意软件的电子邮件，内容涉及与韩国统一部有关的主题。我们分析了这些恶意软件并将其识别为SectorA05使用的恶意软件，并且我们确认他们一直使用具有使用日语IP地址的韩语域名的特定C2服务器连续至少27个月。
135,Sednit ,俄罗斯,"[APT28,Sofacy,APT-C-20,STRONTIUM,奇幻熊]","[漏洞利用,社会工程学,木马后门]",暂无数据,"[政府,国防]",暂无数据,"[X-Agent for Android,LoJax,AutoIt Zepakab,SedUploader,UEFI bootkit,Zekapab,Koadic,Canno]",APT28(Sofacy，Sednit，Pawn Storm，Group 74，Tsar Team，Fancy Bear，STRONTIUM，Swallowtail，TG-4127，Group-4127，TAG_0700，IRON TWILIGHT)是一支技术精湛的开发商和运营商团队，他们收集有关国防和地缘政治问题的情报 - 这些情报仅对政府有用。 该APT小组在工作时间（上午8点至下午6点）编译具有俄语设置的恶意软件样本，与俄罗斯主要城市（包括莫斯科和圣彼得堡）的时区一致。 这表明APT28从一个成熟的组织（很可能是俄罗斯政府）获得直接持续的财务和其他资源。
136,Shell Crew ,China,APT19,漏洞利用,暂无数据,暂无数据,暂无数据,暂无数据,"APT19:(Shell Crew, WebMasters, APT 19, KungFu Kittens, Black Vine, Group 13, PinkPanther, Sh3llCr3w, TEMP.Avengers, Hurricane Panda, Codoso, C0d0so0, Deep Panda, Sunshop Group, APT19)一个可能由自由职业者组成的团体，由中国政府提供一定程度的赞助。"
137,Silence ,Russia,,"[钓鱼邮件,网络钓鱼]","[哈萨克斯坦,阿塞拜疆,白俄罗斯,俄罗斯,乌克兰,波兰]",银行,Ivoke,暂无数据,Silence是一个活跃的，但很小的一组讲俄语的黑客。IB集团于2016年首次发现该集团的活动。在他们的“工作”过程中，Silence攻击了银行管理系统、卡处理系统和俄罗斯银行间转账系统（AWS CBR）。该团伙的目标主要位于俄罗斯、乌克兰、白俄罗斯、阿塞拜疆、波兰和哈萨克斯坦，不过网络钓鱼电子邮件发送给了中欧和西欧、非洲和亚洲的银行员工。
138,Slingshot ,暂无数据,,恶意软件,暂无数据,暂无数据,暂无数据,暂无数据,在分析涉及可疑键盘记录器的事件时，我们确定了一个能够与虚拟文件系统交互的恶意库，这通常是高级APT演员的标志。事实证明这是一个内部命名为“Slingshot”的恶意加载器，它是一个新的，高度复杂的攻击平台的一部分，可以在复杂程度上与Project Sauron和Regin相媲美。
139,Sofacy ,俄罗斯,"[APT28,Sednit,APT-C-20,STRONTIUM,奇幻熊]","[漏洞利用,社会工程学,木马后门]",暂无数据,"[政府,国防]",暂无数据,"[X-Agent for Android,LoJax,AutoIt Zepakab,SedUploader,UEFI bootkit,Zekapab,Koadic,Canno]",APT28(Sofacy，Sednit，Pawn Storm，Group 74，Tsar Team，Fancy Bear，STRONTIUM，Swallowtail，TG-4127，Group-4127，TAG_0700，IRON TWILIGHT)是一支技术精湛的开发商和运营商团队，他们收集有关国防和地缘政治问题的情报 - 这些情报仅对政府有用。 该APT小组在工作时间（上午8点至下午6点）编译具有俄语设置的恶意软件样本，与俄罗斯主要城市（包括莫斯科和圣彼得堡）的时区一致。 这表明APT28从一个成熟的组织（很可能是俄罗斯政府）获得直接持续的财务和其他资源。
140,Sowbug ,暂无数据,,间谍活动,暂无数据,暂无数据,暂无数据,暂无数据,赛门铁克已经确定了一个名为Sowbug的先前未知的组织，该组织一直在针对南美和东南亚的组织进行高度针对性的网络攻击，并且似乎主要关注外交政策机构和外交目标。Sowbug通过从其渗透的组织窃取文件而被视为经典的间谍攻击。 
141,Sphinx ,暂无数据,"[APT-C-15,人面狮]",暂无数据,暂无数据,暂无数据,暂无数据,暂无数据,"APT-C-15（人面狮, Sphinx）是活跃在中东地区的网络间谍组织，主要目标可能涉及到埃及和以色列等国家的不同组织，目的是窃取目标敏感数据信息。活跃时间主要集中在2014年6月到2015年11月期间，相关攻击活动最早可以追溯到2011年12月。主要采用利用社交网络进行水坑攻击。同时还使用移动端间谍软件AnubisSpy来开展间谍活动。"
142,Stealth Falcon ,暂无数据,FruityArmor,暂无数据,暂无数据,暂无数据,暂无数据,暂无数据,Stealth Falcon(FruityArmor)是一个进行有针对性的间谍攻击的网络组织。该组织主要针对阿联酋记着、社会活动家以及不同的政见者。从2012年至今一直活跃。有证据表明该组织与阿联酋政府之间存在联系。几年来，Stealth Falcon的官方Twitter发送了31条公开推文，其中30条直接针对27名受害者之一。在27个目标中，24个明显与阿联酋有关。
143,Strider ,美国,ProjectSauron,暂无数据,"[中国,白俄罗斯]",暂无数据,暂无数据,暂无数据,"Project Sauron(Strider, Sauron, ProjectSauron, 索伦之眼, projectsauron)"
144,STRONTIUM ,俄罗斯,"[APT28,Sofacy,Sednit,APT-C-20,奇幻熊]","[漏洞利用,社会工程学,木马后门]",暂无数据,"[政府,国防]",暂无数据,"[X-Agent for Android,LoJax,AutoIt Zepakab,SedUploader,UEFI bootkit,Zekapab,Koadic,Canno]",APT28(Sofacy，Sednit，Pawn Storm，Group 74，Tsar Team，Fancy Bear，STRONTIUM，Swallowtail，TG-4127，Group-4127，TAG_0700，IRON TWILIGHT)是一支技术精湛的开发商和运营商团队，他们收集有关国防和地缘政治问题的情报 - 这些情报仅对政府有用。 该APT小组在工作时间（上午8点至下午6点）编译具有俄语设置的恶意软件样本，与俄罗斯主要城市（包括莫斯科和圣彼得堡）的时区一致。 这表明APT28从一个成熟的组织（很可能是俄罗斯政府）获得直接持续的财务和其他资源。
145,SWEED ,暂无数据,,鱼叉式网络钓鱼电子邮件,暂无数据,暂无数据,暂无数据,暂无数据,思科Talos最近发现了大量正在进行的恶意软件分发活动，这些活动与我们称之为“SWEED”的威胁行为者相关联，其中包括Formbook，Lokibot和Agent Tesla等着名的恶意软件。根据我们的研究，SWEED - 至少自2017年以来一直在运营 - 主要针对遭遇盗窃者和远程访问木马的受害者。
146,TA2101 ,暂无数据,,暂无数据,暂无数据,暂无数据,IcedID,Cobalt Strike,"TA2101：国外研究人员发现一个新黑客组织(TA2101)模仿美国、德国、意大利的政府机构，通过钓鱼邮件分发勒索软件、后门程序和银行木马。针对德国IT支持公司的钓鱼邮件冒充德国联邦财政部，伪装成用户欠税通知，里面包含恶意的Word文档附件，一旦用户打开附件并启用宏，将安装Cobalt Strike和Maze勒索软件。针对意大利组织的钓鱼邮件冒充意大利税务局，伪装成新税收准则，一旦用户打开恶意附件文档，将被指引""启动内容""解密文件，一旦启用则会执行恶意宏，安装Maze勒索软件。针对美国医疗保健行业的钓鱼邮件冒充美国邮政服务，同样提供恶意Word文档附件，手法与针对意大利的活动类似，但最终安装的是IceID银行木马。"
147,TA505 ,东欧地区以俄语为主要语言的国家,,"[鱼叉式网络钓鱼电子邮件,木马后门]","[韩国,印度,巴基斯坦,意大利,美国,智利]",金融,暂无数据,暂无数据,TA505（SectorJ04）是一个经济动机驱使的网络犯罪组织，同时也不排除有国家支持的可能性。该组织发起过大规模的恶意垃圾邮件活动，以分发Dridex银行木马、Locky勒索软件、Jaff勒索软件、Trick银行特洛伊木马等实例，数量非常巨大。从2014年起TA505就开始大规模活动。该组织使用Necurs僵尸网络来推动他们的大规模垃圾邮件活动。
148,TA555 ,暂无数据,,鱼叉式邮件,暂无数据,"[政府,电信运营商,酒店]",暂无数据,暂无数据,TA555是国外安全组织Proofpoint追踪命名的黑客组织，最早在2018年5月出现，在以往的攻击活动中，该组织的目标通常为酒店，餐厅，电信行业组织。其攻击手段以恶意邮件绑定第一阶段下载器AdvisorsBot、PoshAdviso，AdvisorsBot的Power Shell版，为特征，且下载器在不断演化中。 2019年，该组织被观测到也对政府机构进行攻击。
149,T-APT-03 ,暂无数据,"[BlackTech,黑凤梨]","[间谍活动,漏洞攻击,盗取证书,鱼叉攻击,恶意软件]","[东亚,中国,日本]","[金融,互联网,企业]",暂无数据,暂无数据,"BlackTech（T-APT-03，黑凤梨，PLEAD, Shrouded Crossbow, Waterbear, Radio Panda）是一个网络间谍组织，针对东亚，特别是台湾，偶尔还有日本和香港的目标。基于其部分C＆C服务器的互斥体和域名，BlackTech的广告系列可能旨在窃取其目标技术。该组织常使用鱼叉攻击四处散播带有木马的钓鱼邮件，而诱饵就是各种紧贴热点话题的文件，它把带有木马的文件伪装成文档图标，跟正常文档打包在同一个压缩包中，然后以邮件附件的形式诱骗用户点击，同时使用漏洞打包成恶意文档文件也是该组织常用的手段之一。2017年9月，趋势科技在一篇分析中把近些年来看似不相关的三个网络攻击活动PLEAD, Shrouded Crossbow和Waterbear联系在了一起，通过攻击方式以及工具的解析，最终发现这三个活动都是由该组织所操控的。2018年7月，该组织还被发现使用被盗的D-Link证书分发Plead后门。"
150,T-APT-04 ,印度,响尾蛇,钓鱼邮件,"[东南亚,巴基斯坦,中国台湾]","[政府,军事]",暂无数据,暂无数据,"响尾蛇(APT-C-17, Sidewinder)是2018年才发现的网络威胁组织，疑似与印度有关。该组织的主要目标是巴基斯坦为主的南亚国家的军事目标。SideWinder的最早活动可追溯到2012年。被捕获的诱饵文档中包含“巴基斯坦政府经济事务部”等关键字，可见是对特定目标的定向攻击行为。"
151,TeamSpy crew ,Russian Federation,,远控木马,暂无数据,暂无数据,暂无数据,暂无数据,“TeamSpy”是针对整个独联体和东欧国家的高层政治和人权活动家的网络监视行动。 受害者还包括政府机构和私营公司。 这些攻击已经持续了近十年，并且在2012年被白俄罗斯活动家提到过。
152,TG-2889 ,暂无数据,Cleaver,暂无数据,暂无数据,暂无数据,暂无数据,暂无数据,Cleaver(别名：Operation CleaverThreat Group 2889TG-2889)被怀疑是一个由伊朗有关的国家赞助的黑客组织。在一次名为Operation Cleaver的行动中，他们对全球范围内的重要基础设施进行了攻击，包括中国、加拿大、英国、法国、德国、印度、墨西哥、韩国和美国等地，其中美国受到的攻击明显高于其他地方。该组织所攻击的行业包括美国至少一个军事实体，海军陆战队内联网（NMCI）以及能源和公共事业等，同时，机场、主要航空公司、政府机构、运输公司、电信运营商、国防承包商和教育机构也都受到了攻击。
153,Thallium ,朝鲜,,暂无数据,暂无数据,暂无数据,暂无数据,暂无数据,Thallium是一个来自于朝鲜的攻击组织，通常使用鱼叉式网络钓鱼技术针对包括政府、高等院校等目标，大多数目标位于美国、日本和韩国。该组织至少从2018年5月起，发起了名为STOLEN PENCIL的鱼叉式钓鱼攻击活动，针对学术机构，以窃取凭据信息。同时，还使用了名为BabyShark的恶意软件来收集东北亚国家安全问题有关的情报。
154,Tick ,China,"[REDBALDKNIGHT,Bronze Butler]","[社会工程,漏洞利用,恶意软件]",暂无数据,"[政府,工业制造]",暂无数据,暂无数据,BRONZE BUTLER是一个网络间谍组织，其中国起源可能至少自2008年以来一直活跃。该组织主要针对日本组织，特别是政府，生物技术，电子制造和工业化学领域的组织。
155,TortoiseShell ,暂无数据,,暂无数据,沙特阿拉伯,暂无数据,暂无数据,暂无数据,赛门铁克研究人员发现了一个新的威胁组，跟踪为TortoiseShell，这损害了IT提供商针对其特定客户的需求。该小组于2018年首次被发现，但专家推测它已经活跃了很长时间。
156,TransparentTribe ,巴基斯坦,,鱼叉邮件,印度,"[政府,军事]","[CrimsonRAT,PeppyRAT]",暂无数据,TransparentTribe APT组织，又称ProjectM、C-Major，是一个来自巴基斯坦的APT攻击组织，主要目标是针对印度政府、军事目标等。该组织的活动最早可以追溯到2012年。该组织的相关活动在2016年3月被proofpoint披露，趋势科技随后也跟进进行了相关活动的披露。主要攻击手法是投递带有恶意宏的office文档，诱饵文档内容多与政府、军事相关，当受害者打开恶意文档后，会提示执行宏代码，一般点击执行后诱饵内容才会显示出来。
157,Tropic Trooper ,暂无数据,APT23,"[漏洞利用,恶意软件]","[菲律宾,中国香港】","[政府,军事,交通运输,医疗卫生]",暂无数据,暂无数据,"Tropic Trooper, APT23 , Pirate Panda, KeyBoy, 主要针对台湾，菲律宾和香港的目标开展网络间谍活动，重点关注政府、军事、医疗保健、交通运输和高科技行业。该组织的运营被认为是非常有组织性的，并能够开发自己的网络间谍工具，从2013年被发现以来一直进行着攻击活动。同时目标也不再局限于亚洲，一些西方国家和企业也成为了攻击目标。 "
158,Turla ,俄罗斯,Waterbug,"[鱼叉网络钓鱼,水坑攻击]","[东亚,中东,美国]","[政府,外交,军事,国防]",暂无数据,暂无数据,"Turla（ Snake, Venomous Bear, Group 88, Waterbug, WRAITH, Turla Team, Uroburos, Pfinet, TAG_0530, KRYPTON, Hippo Team, Pacifier APT, Popeye, SIG23, Iron Hunter, MAKERSMARK）是一个总部位于俄罗斯的威胁组织，自2004年以来，已经在45个国家/地区感染了受害者，其中包括政府，大使馆，军队，教育，研究和制药公司等行业。2015年中期，活动增多。 Turla以进行水坑和鱼叉式钓鱼运动以及利用内部工具和恶意软件而闻名。 Turla的间谍平台主要用于Windows机器，但也被用于对抗macOS和Linux机器。"
159,TwoForOne ,暂无数据,Platinum,暂无数据,暂无数据,暂无数据,暂无数据,暂无数据,Platinum自2009年以来一直保持着活跃，主要针对南亚和东南亚的政府组织、国防机构、情报机构和电信供应商。该组织已经竭尽全力开发其实用工具的隐秘技术，这使他们能够进行多年的网络间谍活动而不容易被发现。该组织使用hotpatching技术，来试图掩盖他们的后门。
160,Two-tailed Scorpion ,暂无数据,"[APT-C-23,双尾蝎]","[鱼叉式网络钓鱼攻击,水坑攻击]","[中东,巴勒斯坦]","[军事,教育]",暂无数据,暂无数据,"APT-C-23（双尾蝎, Arid Viper, Desert Falcon, AridViper, Big Bang）从2016年5月起，对巴勒斯坦的教育机构和军事机构等重要领域展开的了有组织，有计划，有针对性的长时间攻击。攻击平台包括Windows与Android，攻击范围主要为中东地区。该组织所使用的木马主要伪装成文档、播放器、聊天软件，以及一些特定领域常用软件，通过鱼叉式网络钓鱼或水坑攻击等攻击方式配合社会工程学手段进行渗透，向特定目标人群进行攻击。入侵成功后攻击者会窃取目标系统中的各类文档资料并且进行实时监控。"
161,Urpage ,南亚,,暂无数据,巴基斯坦,政府,暂无数据,暂无数据,Urpage：与Confucius，Patchwork和Bahamut组织之间有着一些联系，Urpage攻击与众不同的是它针对的是InPage，这是乌尔都语和阿拉伯语的文字处理器。然而，它与Confucius和Patchwork有共同之处的是Delphi后门组件，以及它与Bahamut所使用的恶意软件明显相似。他们之间的联系表明这些组织之间可能存在着知识共享或者共同开发恶意工具。
162,Waterbug ,俄罗斯,Turla,"[鱼叉网络钓鱼,水坑攻击]","[东亚,中东,美国]","[政府,外交,军事,国防]",暂无数据,暂无数据,"Turla（ Snake, Venomous Bear, Group 88, Waterbug, WRAITH, Turla Team, Uroburos, Pfinet, TAG_0530, KRYPTON, Hippo Team, Pacifier APT, Popeye, SIG23, Iron Hunter, MAKERSMARK）是一个总部位于俄罗斯的威胁组织，自2004年以来，已经在45个国家/地区感染了受害者，其中包括政府，大使馆，军队，教育，研究和制药公司等行业。2015年中期，活动增多。 Turla以进行水坑和鱼叉式钓鱼运动以及利用内部工具和恶意软件而闻名。 Turla的间谍平台主要用于Windows机器，但也被用于对抗macOS和Linux机器。"
163,Whitefly ,暂无数据,,鱼叉式网络钓鱼电子邮件,暂无数据,暂无数据,暂无数据,暂无数据,从2017年中期到2018年中期，Whitefly针对多个组织发起了针对性攻击。虽然大多数这些组织都设在新加坡，但有些组织是在新加坡设有办事处的跨国组织。
164,Wild Neutron ,暂无数据,,"[漏洞利用,多平台,恶意软件,水坑攻击]",暂无数据,暂无数据,暂无数据,暂无数据,为了窃取机密信息和知识产权，企业间谍小组在过去三年中已经破坏了一系列大公司。 赛门铁克称之为“蝴蝶”的这个团伙不是国家赞助的，而是出于经济动机。 它抨击了在互联网，IT软件，制药和商品领域运营的数十亿美元公司。 Twitter，Facebook，Apple和微软都是公开承认攻击的公司之一。
165,Winnti Group ,中国,"[papt17,Axiom,Group72]",暂无数据,暂无数据,暂无数据,"[Derusbi,Hikit,Hydraq,ZxShell]",暂无数据,"APT17(Aurora Panda, APT 17, Deputy Dog, Group 8, Hidden Lynx, Tailgater Team, Axiom, Winnti Group, Group 72, Group72, Tailgater, Ragebeast, Blackfly, Lead, Wicked Spider, APT 17, Dogfish, Wicked Panda, Barium, APT17)是一个涉嫌与中国政府有关的网络间谍组织，策划并实施了SMN行动等一系列行动。该组织运营成熟，资金充足，其主要目标遍布亚洲、西欧和北美地区，包括政府机构、电路制造商、网络设备供应商、互联网企业、能源行业、媒体、非政府组织、律师事务所、电信服务商以及金融和教育行业。另外，该组织习惯使用鱼叉式网络钓鱼，以及使用已经攻陷的服务器或设备进行攻击，他们对感染的设备会进行识别，并筛选出感兴趣的组织进行更加深入的渗透，可以看出他们有着良好的组织性与执行力。"
166,白象 ,印度,"[tDropping Elephant,APT-C-09,摩诃草]","[鱼叉攻击,水坑攻击]","[东南亚,巴基斯坦]","[政府,外交,军事,能源]","[QuasarRAT,TINYTYPHON]",暂无数据,"APT-C-09(Dropping Elephant、摩诃草、白象)自2015年12月被监测到，主要针对的目标是军事和政治机构，特别是那些与东南亚和南海问题相关的工作机构。2016年安全厂商追踪到该组织的攻击范围逐渐扩大，除了公共部门和企业外，涉及到的行业包括：航空、广播、能源、金融、非政府组织、制药、公有企业、出版、软件。攻击目标的地理位置也扩展到了美国之外，包括中国、日本、东南亚、英国等。而其攻击方式看来并没有太大变化：仍然是向目标发出时事新闻邮件。邮件中会包含攻击者的网站链接，这些网站的内容主要都是中国相关的——用Symantec的话来说，这些内容能够“吸引被攻击目标的兴趣”。目前摩诃草受害者集中于巴基斯坦境内，其中包括：巴基斯坦空军相关人员，内政部下属的国家数据库和管理局（NADRA）工作人员，核能相关的工作人员（PAEC 巴基斯坦原子能委员会）, 科研人员（PCSIR 巴基斯坦科学和工业研究理事会），各类通信公司和组织工作人员（SCO巴基斯坦特别通信组、Mobilink巴基斯坦移动公司、PTCL巴基斯坦电信公司）等。"
167,毒云藤 ,中国台湾,"[APT-C-01,绿斑,Green Spot]","[鱼叉网络钓鱼,水坑攻击]",中国,"[政府,教育,国防]",ZxShell,PoisonIvy,"APT-C-01（穷奇, 绿斑, GreenSpot, 白海豚, 毒云藤）组织是一个长期针对国内国防、政府、科技和教育领域的重要机构实施网络间谍攻击活动的APT团伙，其最早的攻击活动可以追溯到2007年，360威胁情报中心对该团伙的活动一直保持着持续的跟踪。团伙擅长对目标实施鱼叉攻击和水坑攻击，植入修改后的ZXShell、Poison Ivy、XRAT商业木马，并使用动态域名作为其控制基础设施。"
168,肚脑虫 ,"APT-C-35, SectorE02, Donot","[Donot,APT-C-35]",鱼叉式网络钓鱼攻击,巴基斯坦,暂无数据,暂无数据,暂无数据,"APT-C-35(肚脑虫, APT-C-35, SectorE02, Donot )最近，360威胁情报中心正在调查一起针对一名在中国工作的巴基斯坦商人的电子邮件网络钓鱼攻击。该活动的第一次攻击发生在2018年5月。攻击者已经接管了几个月的目标机器。将介绍此定位攻击的TTP以及补救建议。该组织最早在2018年3月由NetScout公司的ASERT团队进行了披露。该组织采用鱼叉攻击进行攻击，并且该组织有成熟的恶意代码框架EHDevel和yty，目前已经至少已经更新到了4.0版本"
169,方程式 ,美国,Equation Group,漏洞攻击,暂无数据,"[政府,外交,军事,传媒,金融,能源,交通运输,航空航天,电信运营商,核能]",暂无数据,暂无数据,"Equation Group（方程式, Tilded Team, Lamberts, Five Eyes, NSA, GCHQ, CSIS, ASIS, NZSIS, Equation Group）被卡巴斯基认为是目前世界上存在的最复杂的网络攻击组织。该组织使用的C&amp;C早在1996年就被注册，这暗示了该组织可能已经活跃了20年之久。多年以来，他们因总能比其他组织早发现漏洞，从而具有绝对的优势，涉及的行业包括政府和外交机构、电信、航天、能源、核研究、军事、纳米技术、宗教活动家、媒体、运输业、金融行业等。该组织拥有一套用于植入恶意代码的超级制式信息武器库（在友商报告中披露了其中6个），其中包括两个可以对数十种常见品牌的硬盘固件重编程的恶意模块，这可能是该组织掌握的最具特色的攻击武器，同时也是首个已知的能够感染硬盘固件的恶意代码。"
170,海莲花 ,Vietnam(越南）,"[APT32,APT-C-00,Ocean Lotus,Cobalt Kitty,SeaLotus]","[社会工程,鱼叉式网络钓鱼攻击,漏洞攻击,水坑攻击]","[东亚,东南亚,中国,菲律宾,越南,老挝,柬埔寨]","[政府,科研机构,企业,海事]",暂无数据,"[Cobalt Strike,NBTScan]",APT32是一个长期针对中国及其他东亚国家（地区）政府、科研机构、海运企业等领域进行攻击的APT组织。至少自2014年以来，APT32组织就对在越南制造业、消费品行业和酒店业中有既得利益的外国企业进行了长时间的入侵与渗透。同时他们还瞄准了网络安全与技术基础设施相关的公司。除了专注于与越南有关系的企业之外，该组织至少从2013年以来就一直以外国政府以及越南持不同政治意见的个人和媒体为主要目标。APT32有着充足的资源和开发能力，并使用跨越多种协议的自定义后门程序套件。并且他们还可能拥有macOS的后门开发功能。 海莲花组织近期的攻击方式多样，攻击链条复杂，但使用的核心攻击技术与最终木马载荷较为固定。作为本年度海莲花组织使用的主要远控攻击载荷， OenesRAT 木马值得被重点关注。海莲花使用了多种方式来释放DensRAT ，包括HTA 文件、 WinRAR 漏洞和 WinRAR 自解压文件。在木马进行分析后发现，与往年相比，海莲花组织对木马的能力需求继续上升，在要求其基本功能的同时还要求其具有高隐蔽性和高对抗性。目前，多级释放、内存加载、混淆和加密等技术已经成为海莲花各攻击链中的常规操作，这对安全厂商的检测能力和安全人员的分析能力提出了更高的要求。
171,黑凤梨 ,暂无数据,"[BlackTech, T-APT-03]","[间谍活动,漏洞攻击,盗取证书,鱼叉攻击,恶意软件]","[东亚,中国,日本]","[金融,互联网,企业]",暂无数据,暂无数据,"BlackTech（T-APT-03，黑凤梨，PLEAD, Shrouded Crossbow, Waterbear, Radio Panda）是一个网络间谍组织，针对东亚，特别是台湾，偶尔还有日本和香港的目标。基于其部分C＆C服务器的互斥体和域名，BlackTech的广告系列可能旨在窃取其目标技术。该组织常使用鱼叉攻击四处散播带有木马的钓鱼邮件，而诱饵就是各种紧贴热点话题的文件，它把带有木马的文件伪装成文档图标，跟正常文档打包在同一个压缩包中，然后以邮件附件的形式诱骗用户点击，同时使用漏洞打包成恶意文档文件也是该组织常用的手段之一。2017年9月，趋势科技在一篇分析中把近些年来看似不相关的三个网络攻击活动PLEAD, Shrouded Crossbow和Waterbear联系在了一起，通过攻击方式以及工具的解析，最终发现这三个活动都是由该组织所操控的。2018年7月，该组织还被发现使用被盗的D-Link证书分发Plead后门。"
172,虎木槿 ,暂无数据,,暂无数据,中国,政府,暂无数据,暂无数据,"虎木槿：奇安信威胁情报中心最近发现了组合利用多个浏览器高危漏洞的定向攻击活动，目标包括多个国内核心教育科研政府机构和个人。只要受攻击目标使用特定浏览器近期的版本打开网页就可能中招，被黑客植入后门木马甚至完全控制电脑。攻击利用了多个较老版本的Chrome浏览器内核的漏洞。黑客通过发送带有恶意附件链接的邮件，诱导用户点击恶意链接，一旦点击链接，将目标重定向到漏洞页面，通过播放一个不存在的Windows Media Video影音文件来启动MediaPlayer插件，从而劫持执行下载的恶意DLL，以达到执行木马获取控制的目的。研究人员确定攻击活动背后的团伙为东北亚来源，并将该APT团伙命名为""虎木槿""。"
173,黄金雕 ,中东,APT-C-34,暂无数据,"[中亚,中国]","[政府,教育,传媒,航空航天]",暂无数据,暂无数据,APT-C-34 (Golden Falcon、黄金雕）是一个主要攻击中亚地区，大部分集中在哈萨克坦国境内的黑客组织，其受害者涉及各行各业，包括教育、航空航天、政府机关、媒体工作人员等，其中部分受害者有中国背景，涉及中国与哈萨克合作项目，而极少数的人位于中国西北部地区。
174,黄金狗 ,暂无数据,GoldenEyeDog,暂无数据,暂无数据,暂无数据,暂无数据,暂无数据,金眼狗：奇安信病毒响应中心在日常跟踪黑产团伙过程中，发现了一个针对在东南亚从事博·彩、狗推相关人员以及海外华人群体的黑客团伙，其业务范围涵盖远控、挖矿、DDOS和流量相关。样本主要在Telegram群组中进行传播，样本免杀效果好，有些诱饵针对性强，且极具诱惑性。 目前已经检测到海外用户大量中招，国内少量中招，鉴于其危害较大，奇安信病毒响应中心对其进行了分析溯源，并结合相关线索，披露了该黑客团伙。 由于该团伙针对博·彩行业，且与我们此前追踪的零零狗组织有着相似的目标且目的为敛金，诱饵名恶俗不堪似，不可入眼，因此我们将该黑客组织取名为金眼狗，英文名GoldenEyeDog。
175,黄金鼠 ,暂无数据,APT-C-27,"[社会工程学,水坑攻击]",叙利亚,暂无数据,暂无数据,暂无数据,"APT-C-27(黄金鼠, Goldmouse)组织从2014年11月起，对叙利亚地区展开了计划周密且目标明确的长时间不间断攻击。攻击平台从开始的Windows平台逐渐扩展至Android平台。恶意样本主要伪装成聊天软件及一些特定领域常用软件，通过水坑攻击方式配合社会工程学手段进行渗透，向特定目标人群进行攻击。该组织在攻击过程中使用了大量的资源，说明其资源丰富。并且他们的攻击主要以窃取信息为主的间谍活动。"
176,蓝宝菇 ,暂无数据,APT-C-12,鱼叉式邮件攻击,中国,"[政府,军工,科研机构,互联网,金融,核能]",暂无数据,"[PoisonIvy,PowerShell Loader]",APT-C-12：从2011年开始持续至今，高级攻击组织蓝宝菇（APT-C-12）对我国政府、军工、科研、金融等重点单位和部门进行了持续的网络间谍活动。该组织主要关注核工业和科研等相关信息。被攻击目标主要集中在中国大陆境内。该组织主要使用动态域名或IDC IP最为其控制基础设施，后续也常使用AWS S3、新浪云等云服务作为其上传和托管窃取的数据。
177,绿斑 ,中国台湾,"[APT-C-01,毒云藤,Green Spot]","[鱼叉网络钓鱼,水坑攻击]",中国,"[政府,教育,国防]",ZxShell,PoisonIvy,"APT-C-01（穷奇, 绿斑, GreenSpot, 白海豚, 毒云藤）组织是一个长期针对国内国防、政府、科技和教育领域的重要机构实施网络间谍攻击活动的APT团伙，其最早的攻击活动可以追溯到2007年，360威胁情报中心对该团伙的活动一直保持着持续的跟踪。团伙擅长对目标实施鱼叉攻击和水坑攻击，植入修改后的ZXShell、Poison Ivy、XRAT商业木马，并使用动态域名作为其控制基础设施。"
178,蔓灵花 ,印度,BITTERBITTER,"[漏洞攻击,鱼叉攻击,水坑攻击]","[中国,巴基斯坦]","[政府,军事,电力,能源,核能]",暂无数据,暂无数据,BITTER(APT-C-08）最初是Forcepoint Security Labs发现的一系列针对巴基斯坦国民的攻击，该活动至少自2013年11月以来一直存在。360公司也发布了对BITTER的分析，并将其命名为蔓灵花APT组织。他们使用了InPage软件漏洞发起攻击。并且在2016年曾对中国进行过攻击活动。他们的恶意代码多以C语言为主，攻击目标为PC端以及Android设备。 一个长期针对中国及巴基斯坦的政府、军工、电力、核等部门发动网络攻击，窃取敏感资料，具有较强的政治背景。该组织最早在2016由美国安全公司Forcepoint进行了披露，他们发现攻击者使用的远程访问工具（RAT）变体使用的网络通信头包含 “BITTER”，所以该这次攻击命名为“BITTER”，同年国内安全厂商也跟进发布了分析报告，命名为“蔓灵花”。
179,摩诃草 ,印度,"[Dropping Elephant,APT-C-09,白象]","[鱼叉攻击,水坑攻击]","[东南亚,巴基斯坦]","[政府,外交,军事,能源]","[QuasarRAT,TINYTYPHON]",暂无数据,"APT-C-09(Dropping Elephant、摩诃草、白象)自2015年12月被监测到，主要针对的目标是军事和政治机构，特别是那些与东南亚和南海问题相关的工作机构。2016年安全厂商追踪到该组织的攻击范围逐渐扩大，除了公共部门和企业外，涉及到的行业包括：航空、广播、能源、金融、非政府组织、制药、公有企业、出版、软件。攻击目标的地理位置也扩展到了美国之外，包括中国、日本、东南亚、英国等。而其攻击方式看来并没有太大变化：仍然是向目标发出时事新闻邮件。邮件中会包含攻击者的网站链接，这些网站的内容主要都是中国相关的——用Symantec的话来说，这些内容能够“吸引被攻击目标的兴趣”。目前摩诃草受害者集中于巴基斯坦境内，其中包括：巴基斯坦空军相关人员，内政部下属的国家数据库和管理局（NADRA）工作人员，核能相关的工作人员（PAEC 巴基斯坦原子能委员会）, 科研人员（PCSIR 巴基斯坦科学和工业研究理事会），各类通信公司和组织工作人员（SCO巴基斯坦特别通信组、Mobilink巴基斯坦移动公司、PTCL巴基斯坦电信公司）等。"
180,拍拍熊 ,中东地区背景，使用阿拉伯语且有政治动机的网络攻击组织。,APT-C-37,"[木马后门,网络钓鱼]","[中东,以色列,巴勒斯坦,埃及]","[政府,外交,传媒]",Houdini,PowerShell Loader,APT-C-37 也称“拍拍熊”是一个中东地区背景，使用阿拉伯语且有政治动机的APT攻击组织，自2015年被发现至今，频繁进行有组织、有计划、针对性的不间断攻击，特别是针对巴勒斯坦、以色列、埃及等中东动乱国家进行攻击。“拍拍熊”组织一直保持着积极的活跃度，典型的攻击目标包括政府机构、武装组织领导、媒体人士、政治活动家和外交官等。使用到的木马，继续采用了自解压、VB脚本和PowerShell无文件落地等多层技术隐藏木马实现规避杀毒软件查杀，以提高攻击的隐蔽性和持久性。
181,奇幻熊 ,俄罗斯,"[APT28,Sofacy,Sednit,APT-C-20,STRONTIUM]","[漏洞利用,社会工程学,木马后门]",暂无数据,"[政府,国防]",暂无数据,"[X-Agent for Android,LoJax,AutoIt Zepakab,SedUploader,UEFI bootkit,Zekapab,Koadic,Canno]",APT28(Sofacy，Sednit，Pawn Storm，Group 74，Tsar Team，Fancy Bear，STRONTIUM，Swallowtail，TG-4127，Group-4127，TAG_0700，IRON TWILIGHT)是一支技术精湛的开发商和运营商团队，他们收集有关国防和地缘政治问题的情报 - 这些情报仅对政府有用。 该APT小组在工作时间（上午8点至下午6点）编译具有俄语设置的恶意软件样本，与俄罗斯主要城市（包括莫斯科和圣彼得堡）的时区一致。 这表明APT28从一个成熟的组织（很可能是俄罗斯政府）获得直接持续的财务和其他资源。
182,人面狮 ,暂无数据,"[APT-C-15,Sphinx]",暂无数据,暂无数据,暂无数据,暂无数据,暂无数据,"APT-C-15（人面狮, Sphinx）是活跃在中东地区的网络间谍组织，主要目标可能涉及到埃及和以色列等国家的不同组织，目的是窃取目标敏感数据信息。活跃时间主要集中在2014年6月到2015年11月期间，相关攻击活动最早可以追溯到2011年12月。主要采用利用社交网络进行水坑攻击。同时还使用移动端间谍软件AnubisSpy来开展间谍活动。"
183,双尾蝎 ,暂无数据,"[APT-C-23,Two-tailed Scorpion]","[[鱼叉式网络钓鱼攻击,水坑攻击]","[中东,巴勒斯坦]","[军事,教育]",暂无数据,暂无数据,"APT-C-23（双尾蝎, Arid Viper, Desert Falcon, AridViper, Big Bang）从2016年5月起，对巴勒斯坦的教育机构和军事机构等重要领域展开的了有组织，有计划，有针对性的长时间攻击。攻击平台包括Windows与Android，攻击范围主要为中东地区。该组织所使用的木马主要伪装成文档、播放器、聊天软件，以及一些特定领域常用软件，通过鱼叉式网络钓鱼或水坑攻击等攻击方式配合社会工程学手段进行渗透，向特定目标人群进行攻击。入侵成功后攻击者会窃取目标系统中的各类文档资料并且进行实时监控。"
184,响尾蛇 ,印度,T-APT-04,钓鱼邮件,"[东南亚,巴基斯坦,中国台湾]","[政府,军事]",暂无数据,暂无数据,"响尾蛇(APT-C-17, Sidewinder)是2018年才发现的网络威胁组织，疑似与印度有关。该组织的主要目标是巴基斯坦为主的南亚国家的军事目标。SideWinder的最早活动可追溯到2012年。被捕获的诱饵文档中包含“巴基斯坦政府经济事务部”等关键字，可见是对特定目标的定向攻击行为。"
185,幼象 ,暂无数据,,暂无数据,暂无数据,暂无数据,暂无数据,暂无数据,幼象：这些攻击样本来自被安天命名为“幼象”的组织（考虑到组织攻击手法简单、载荷还不成熟等特点，因此我们命名为“幼象”），其手法和装备与“白象”组织有一定差异，同时我们判断该组织与友商命名为“响尾蛇”的攻击组织存在关联。根据攻击者擅长依托少量资源伪装变换的特点，安天将这系列攻击活动命名为“折纸”行动（Operation PaperFolding）
