,年份,报告标题,披露时间,披露机构,攻击方法,组织别名,报告摘要
0,2015 (38),黑藤间谍组织,2015-08-06,Symantec,水坑攻击,Black Vine,在2014年初，美国第二大健康保险公司Anthem遭受黑客攻击，暴露了8千万用户信息。 攻击所利用的漏洞在2015年2月首次公开，此次攻击被认为与一个资源丰富的网络间谍组有关，赛门铁克称该组织为黑藤（Black Vine）。 Anthem并不是Black Vine的唯一目标。自2012年来，该组织频繁开展活动，并将攻击目标锁定在以下几个行业中：航空航天、能源和医疗保健。该组织惯用0-day漏洞利用程序和自定义开发的恶意后门，并与其他黑客组织（如：Hidden Lynx）有关联。
1,2015 (38),RSA分析兵马俑(Terracotta)VPN网络,2015-08-04,RSA,C&C,Shell CrewAPT19,在本报告中，RSA深入分析了一个其内部称为“兵马俑(Terracotta)”的由恶意软件支撑的VPN网络。 Terracotta是Shell Crew（又称DeepPanda）用来进行APT活动的平台，它可以隐藏恶意行为的攻击源信息。Terracotta波及了一类新的受害的群体（合法的商业和政府机构、未知服务的VPN节点和带宽），进而扩大了APT事件的规模。幸运的是，人们可以通过完善网络安全配置来预防Terracotta事件的发生。
2,2015 (38),Potao行动表现：分析网络间谍工具包,2015-07-30,ESET,C&C,暂无数据,该报告详细描述了过去5年中发生的众多攻击事件。这些看似不相关的攻击活动都是使用Win32/Potao系列的恶意软件展开的，类似于BlackEnergy，Potao是一款通用的模块化网络间谍工具集，该系列恶意软件也被沙虫（Sandworm）黑客组织所使用。该恶意软件主要用发动一些APT攻击，但是分析人员在某些情况下，也在大规模攻击活动中也发现了此类木马的身影。
3,2015 (38),隐身战术定义了俄罗斯网络威胁小组,2015-07-29,FireEye,利用Twitter、GitHub和云存储服务来传达指令从受损网络中提取数据,APT29CozyDuke,我们监控到一个俄罗斯网络间谍组织经常设计新方法来掩盖他们的踪迹。在2015年初，我们遇到了一个隐藏的恶意软件，我们称之为HAMMERTOSS，怀疑他是俄罗斯政府赞助的高级持续性威胁组织。我们叫他 APT29 组织。 HAMMERTOSS利用Twitter，GitHub和云存储服务来传达指令从受损网络中提取目标数据。
4,2015 (38),UPS观察CVE-2015-3113前0day和Pirpi有效载荷,2015-07-27,paloalto,暂无数据,APT3,2014年5月，UPS利用0day CVE-2015-3113展开钓鱼邮件攻击，本文将就此攻击过程进行详细分析。
5,2015 (38),黑客团队泄露后，中国APT团队迅速使用0day漏洞CVE-2015-5119,2015-07-13,FireEye,暂无数据,APT3,APT3和APT18，分别利用0day CVE-2015-5119展开钓鱼邮件攻击。Adobe于2015年7月8日发布漏洞补丁。但早在这之前，APT3和APT8已经向航空，建筑，工程，能源，高科技，非盈利组织，通信，交通，教育，医疗，生物等行业的公司发起攻击。
6,2015 (38),APT Group UPS针对美国政府提供黑客团队Flash Exploit,2015-07-10,paloalto,暂无数据,暂无数据,2015年7月8日，UNIT42使用AutoFocus威胁情报服务发现了一起针对美国政府的鱼叉式钓鱼攻击。攻击利用Adobe Flash 0day漏洞。
7,2015 (38),Wild Neutron – 经济间谍威胁演员带来新技巧,2015-07-08,Kaspersky,漏洞利用水坑攻击,Wild Neutron,一个名为“Wild Neutron”（又名“Jripbot”，“Morpho”）的黑客团队自2011年其开始活跃，他们利用组合漏洞，水坑攻击和多平台恶意软件攻击了多家知名公司。 据了解，攻击者使用一种窃取到的合法代码验证证书和一种未知的Flash Player漏洞利用程序感染全球的企业和个人用户，窃取敏感的商业信息。巴斯基实验室研究人员认为这是一个实力强大的网络间谍攻击组织，其发动攻击的目的可能是出于经济原因。
8,2015 (38),UnFIN4ished工作,2015-06-24,PWC,钓鱼邮件,FIN4,企业高管和顾问可以访问公司核心业务信息，这类人群经常被黑客认定为是获取企业商业机密的最佳攻击目标。FIN4就是一个通过攻击企业高管及敏感交易知情人以获取企业机密数据的黑客组织。 2013年以来，FIN4黑客组织已经攻击了超过100家上市公司。该黑客组织专门攻击美国上市企业，窃取它们内部的并购、收购情报。目前FIN4入侵的100多家公司中，有超过三分之二属于医疗和制药行业，其余都是咨询类公司。
9,2015 (38),游戏结束了，Winnti组织现在针对于制药公司,2015-06-22,Kaspersky,暂无数据,,据卡巴斯基发现，Winnti group从2009年一直活跃至今，全球有超过30家游戏公司和在线游戏平台都遭到该组织的攻击。目前，卡巴斯基还搜集到一些证据，表明Winnti group的攻击范围已经从单纯的游戏行业扩大到了电信、制药公司。
10,2015 (38),LOTUS BLOSSOM行动,2015-06-16,paloalto,鱼叉式钓鱼,Lotus Blossom,本文记述了已在网络中活跃了3年的针对东南亚政府和军事组织的持续性网络间谍活动。本次攻击活动主要针对的目标为：香港，台湾，越南，菲律宾和印度尼西亚。他们在受害者的设备中部署了名为Elise的后门木马。 黑客依靠鱼叉式钓鱼攻击手法攻击并感染受害者设备，他们通常向受害者发送与其工作相关或感兴趣的文档，诱导受害者打开文档。这些文档中包含攻击者所使用的木马程序，一旦受害者将其打开，该木马程序则会安装在受害者设备中，等待攻击者进行下一步操作。
11,2015 (38),利用CVE-2014-4114对西藏和香港集团进行攻击,2015-06-15,Citizen Lab,社会工程,QuedaghSandwormBlackEnergy,这篇文章分析了针对西藏散居群体和香港民主团体的恶意软件攻击行为。 这些攻击全部都是利用了CVE-2014-4114漏洞，并通过恶意幻灯片文件（* .pps）传递。 这些攻击具有高度的针对性，在潜伏文档中使用合法内容，并且在部署时具有非常低的反病毒（AV）检出率。 与之前的攻击活动相比，现在针对藏族群体的攻击改变相应的策略。 在过去四年中，我们监测到的针对西藏团体的大多数攻击利用的漏洞为CVE-2010-3333或CVE-2012-0158。对CVE-2014-4114漏洞的利用则是我们在近两年中第一次观察到的攻击模式的变化。
12,2015 (38),DUQU 2.0技术细节,2015-06-11,Kaspersky,鱼叉式钓鱼,暂无数据,在今年初的一次安全扫描中，卡巴斯基实验室检测到了一起牵涉多个内部系统的网络入侵行动。 沿着这一发现的线索，实验室人员开展了大规模的调查，进而发现了一个新的恶意软件平台。此恶意软件平台来自最富有技术能力、最神秘也最强大的APT组织中的一员——Duqu。Duqu威胁源在2012年归于沉寂，业界也一度认为Duqu组织已经停止了攻击作业项目，直到最近发生的事件才揭示该组织依然活跃。我们的技术分析表明，在这一轮新的攻击中出现了2011 年臭名昭著的Duqu恶意软件的升级版本（Duqu恶意软件也被称为Stuxnet蠕虫的“兄弟”）。我们将这一新的恶意软件及其对应的平台命名为“Duqu 2.0”。
13,2015 (38),Thamar Reservoir水库伊朗针对中东目标的网络攻击行动,2015-06-03,Clearsky,间谍活动钓鱼邮件,暂无数据,本报告所分析的当前正在进行的网络攻击活动可追溯至2014年年中。其他来源表明它最早可能追溯到时间截至2011年，Thamar E.Gindin揭露了此次攻击的最新最新信息，目前正在协助我们进行近一步地调查分析，为此，我们根据他的名字将此次攻击活动的命名为Thamar Reservoi。 此次攻击活动具有获取目标计算机控制权、访问受害者的电子邮件帐户等多重目标。我们估计，本次攻击被用于从事间谍活动或满足其他国家层面的利益，而不是为了获取金钱或从事黑客行为。在某些情况下，受害者并非最终的攻击目标，攻击者以被感染的计算机，电子邮件或窃取的凭证为跳板，进一步去攻击他们最终的预期目标。
14,2015 (38),OceanLotus（APT-C-00）数字海洋的游猎者持续3年的网络空间威胁,2015-05-29,SkyEye,鱼叉攻击水坑攻击,APT32APT32海莲花APT-C-00Ocean LotusCobalt KittySeaLotus,2012年4月起至今，某境外黑客组织对中国政府、科研院所、海事机构、海域建设 、航运企业等相关重要领域展开了有组织、有计划、有针对性的长时间不间断攻击。该组织主要通过鱼叉攻击和水坑攻击等方法，配合多种社会工程学手段进行渗透，向境内特定目标人群传播特种木马程序，秘密控制部分政府人员、外包商和行业专家的电脑系统，窃取系统中相关领域的机密。 根据该组织的某些攻击特点，我们将其命名为OceanLotus。
15,2015 (38),针对中国政府机构的APT-TO-BE攻击分析,2015-05-28,AntiyLabs,恶意软件,暂无数据,最近，安天实验室发现了一个针对中国政府的APT攻击。该攻击模式是伪装成其目标主机中的非恶意真实文件，它每隔60秒发送一个网络心跳包，并且还通过cookie字段发送数据，这些所有对的攻击特征和模式都是为了避免被安全软件和防火墙检测到而设计的。考虑这和cabalt strike攻击监测平台之间的关系，我们给他命名为APT-TOCS。
16,2015 (38),MsnMM活动,2015-05-21,Kaspersky,鱼叉式钓鱼,NaikonAPT30,在过去的五年中，Naikon APT对整个东南亚和中国南海的敏感目标进行了多次攻击。 与此同时，它还维持对缅甸，越南，新加坡，菲律宾，马来西亚和老挝进行深入攻击。 目标和受害者包括东盟政府机构和政府部门，投资企业，军事，执法和边境控制组织，大使馆，大学学院等。
17,2015 (38),,2015-05-14,TrendMicro,鱼叉式钓鱼,暂无数据,台湾和菲律宾已成为一个名为“Operation Tropic Trooper”的目标。自2012年以来，攻击活动背后的攻击者将目光转向了台湾政府以及一些重工业公司。 同样的攻击活动也在针对菲律宾的主要军事机构。 虽然攻击背后的动机仍不清楚，但其所使用的工具和战术揭示了上述被攻击目标应该着重考虑的脆弱性问题。
18,2015 (38),Naikon APT一次追踪亚太地区的一个国家的地缘政治情报,2015-05-14,Kaspersky,C&C钓鱼邮件,NaikonAPT30,我们在最近的报告“The Chronicles of the Hellsing APT: the Empire Strikes Back”开头对Naikon APT组织进行了介绍，它经常被描述为“亚洲，特别中国南海附近地区最为活跃的APT之一”。Naikon会被提及是因为它在一起独特的事件中起到了重要的作用：Naikon攻击一个Hellsing相关组织，他们彼此间进行了大量的值得研究的对抗活动。
19,2015 (38),The CozyDuke APT,2015-04-21,Kaspersky,钓鱼邮件,APT29CozyDuke,近日，卡巴斯基实验室的全球研究和分析团队发现一种最新使用恶意软件针对特定重要机构进行攻击的高级网络间谍攻击行动。据悉，该高级网络间谍行动攻击目标主要针对美国、德国、韩国和乌兹别克斯坦的政府机构和商业机构。除了对重要机构进行精准攻击外，它还具备加密技术和反检测功能，可绕过安全产品的检测。
20,2015 (38),Adobe和Windows 0day攻击可能被俄罗斯APT28在高度针对性攻击中利用,2015-04-18,FireEye,C&C漏洞利用,APT28SofacySednitAPT-C-20STRONTIUM奇幻熊Sofacy,FireEye实验室于2015年4月13日检测到一个利用0-day漏洞攻击Adobe Flash和windows系统的APT攻击行为。攻击者通过构建特定的参数利用C&C手段对Adobe漏洞（CVE-2015-3043）发起攻击。FireEye评估认为此次事件为APT28攻击行为。
21,2015 (38),Hellsing APT的编年史是对帝国的反击,2015-04-15,Kaspersky,社会工程漏洞利用钓鱼邮件,HellsingGoblin Panda,2014年，一个组织参与了一项称为Hellsing的网络间谍活动，将一份鱼叉式网络钓鱼攻击电邮发送给了一个名叫Naikon APT的敌对的黑客团队，这个团队是亚洲最大的黑客团伙。 这次事件中的电子邮件来源于一份政府的电邮，并且矛头指向的正是Naikon组织的黑客们。他们决定对这些黑客予以回击，就像某种间谍与间谍之间的斗争。Hellsing组织喜欢对其他的APT组织进行攻击并且从中获取他们的活动信息。 卡巴斯基实验室的专家们认为这种现象非常奇怪，并且相信它标志着黑客犯罪领域新的危险趋势的开端，他们将此类黑客活动定义为APT-on-APT攻击。
22,2015 (38),APT30和长期网络间谍活动的机制,2015-04-01,FireEye,C&C后门社工手段,NaikonAPT30,网络间谍组织自2015年起，使用相同的工具、战术、设施，在近十年的时间内对东南亚、印度等国，持续发动获取政府、商业、军方敏感信息的间谍活动。本文就APT30如何对目标划分优先级，及如何针对不同目标调整恶意工具进行着重分析。
23,2015 (38),VOLATILE CEDAR威胁情报和研究,2015-03-30,Check Point,暂无数据,暂无数据,过去两年来，一个疑似来自黎巴嫩的网络间谍小组黑掉了数百个国防供应商、电信运营商、传媒以及教育组织，范围超过10个国家。 Check Point软件技术公司的研究人员发现了这一系列仍在持续的攻击，他们将攻击行动称之为“爆炸雪松”(Volatile Cedar)。最初迹象可以追溯到2012年，但该间谍组织一直在小心地调整他们的入侵工具以避免被杀毒软件检出，因此直到现在才被发现。
24,2015 (38),WOOLEN-GOLDFISH行动,2015-03-18,TrendMicro,鱼叉式钓鱼,Rocket Kitten,网络间谍小组“Rocket Kitten”，由伊朗人组成，他们的首次活动可以追溯到2014年，主要是通过钓鱼形式来传播木马，从而感染目标受害者。据报道，这个组织现在仍在活动中，最新的攻击活动出现在了2015年10月。 到目前为止，Rocket Kitten发动了两起攻击“GHOLE”恶意软件攻击与一个我们称之为“Operation Woolen-GoldFish”的攻击。该组织通过鱼叉式钓鱼攻击邮件渗透他们的目标系统。经过分析发现，该组织最为感兴趣的目标行业为：国防工业、IT部门、政府与学术组织。
25,2015 (38),西藏起义日恶意软件攻击,2015-03-10,Citizen Lab,社会工程,暂无数据,数百名中国西部人员正在遭受基于电子邮件传播，以3月10日纪念日为主题的恶意软件攻击。报告分析了两个与3月10日有关的攻击行为。发现了一个新出现的名为“MsAttacker”恶意软件家族；另一起攻击则是与之前针对中国西部的攻击战役相关，使用ShadowNet恶意软件家族对基础设施进行C&C攻击。
26,2015 (38),Anthem公司被黑，所有的线索都指向中国,2015-02-27,ThreatConnect,钓鱼网站Derusbi/Sakula恶意程序HttpBrowser/HttpDuC2恶意程序,暂无数据,Anthem公司由于系统漏洞被黑客利用，导致近89M美国公民医保信息遭窃取。经对恶意软件和部分钓鱼网站的分析，将实施者身份的线索指向了中国某大学。
27,2015 (38),PlugX进入注册表和印度,2015-02-25,SOPHOS,暂无数据,暂无数据,本文的研究人员在近期的另一篇报告中曾有结论表示，攻击者对他们用于实施攻击所传播的恶意软件所利用的漏洞知之甚少，但于此同时，研究人员也提醒用户千万不要低估这些攻击者的，因为他们会不断提升能力，进而有能力开发利用更加复杂的后门来实现攻击，正如PlugX恶意软件组的一样，他们近期开发出了一些利用重要后门的恶意组件，足以印证上述观点。 目前研究人员已经发现了新一代的恶意软件样本，除了新的通讯方式外，还增加了另一个新的特性：payload不在存储为单独的文件，或嵌入DLL中，而且直接保存在注册表中。
28,2015 (38),Pawn Storm事件更新iOS间谍App被发现,2015-02-05,TrendMicro,间谍软件,暂无数据,在对Pawn Strom的持续分析中，研究人员发现一个针对IOS设备设计的间谍软件程序。尽管此间谍软件只针对苹果用户进行攻击已足够引人注目，但是它同时还与一些具有针对性的攻击事件存在关联。研究人员发现有两款IOS应用与Pawn Strom事件存在关联，其中一个被称作XAgent，另一个则使用一个合法的IOS游戏名称“MadCap”，经检测，上述两个应用程序均与SEDNIT有关。与SEDNIT有关的间谍软件都有一个明确的目标，即窃取个人数据，录制音频，并对系统截图，然后将这些信息远程发送至C&C服务器中。
29,2015 (38),最近的PlugX变种分析 - “P2P PlugX”,2015-01-29,Shusei Tomonaga,C&C,暂无数据,PlugX是一种在许多APT案例中经常出现的远程访问工具（RAT），它已经存在了许多年。自2012年起，日本各行业便开始陆续遭受此类攻击，于此同时日本的安全分析中心也开始着重分析研究PlugX家族样本，力求能够赶上PlugX家族升级演变的步伐。 在这篇文章中，作者将介绍一个他们在2014年10月首次发现的PlugX变体。该变体在作者看来，具有一个有趣的新特性——P2P功能，因此，作者暂时将其命名为“P2P PlugX”。
30,2015 (38),Waterbug攻击小组,2015-01-22,Symantec,鱼叉式钓鱼水坑攻击,WaterbugTurla,Waterbug是一个网络间谍组织，他们利用先进的恶意软件系统地对一系列国家政府实体发起攻击。 该组织采用高度针对性的鱼叉式钓鱼与水坑攻击攻破目标受害者。 目前有人注意到该组织还利用0-day漏洞和被盗证书为其恶意软件进行登记注册。 一旦该组织拿下突破点，它们便将攻击重点转移到长期持续性监控工具上，该工具拥有强大的间谍功能并可窃取受害者数据信息。 赛门铁克跟踪了一个这样的工具（Trojan.Turla）并确定了当前网络环境中还活跃着四个不同的变种被黑客所使用。
31,2015 (38),自2012年以来，圣甲虫袭击者瞄准了精选的俄罗斯目标,2015-01-22,Symantec,C&C后门,Scarab,一组被我们称为“圣甲虫”的攻击者，自2012年1月至今一直对俄罗斯境内外的特定俄语语种个体进行高度针对性的攻击。在每个攻击活动中，攻击者通常瞄准少数个体而不是通过经济，军事等方面的诱因对企业或政府发动攻击。 平均来说，每个月只有不到10台独立的计算机被感染，并且没有迹象表明攻击者试图通过受害者的本地网络传播攻击行为，这表明“圣甲虫”在攻击行动上是极具针对性的。 许多“圣甲虫”发起的攻击专注于通过群发具有恶意附件（Trojan.Scieron和Trojan.Scieron.B）的电子邮件。 这些文件包含利用已经由供应商修补的旧漏洞的攻击。 如果攻击者成功地攻破了受害者的计算机，那么他们将使用称为Trojan.Scieron的后门将Trojan.Scieron.B下载至被攻击的计算机。 Trojan.Scieron.B有一个类似于rootkit的组件，其包含了许多网络攻击行为且具有更多更强大的后门功能。
32,2015 (38),对Regin的Hopscotch和Legspin的分析,2015-01-22,Kaspersky,C&C,暂无数据,Regin作为一款高级威胁恶意软件，其编写中出现的错误非常少见。然而，只要涉及到人类编写代码，一些错误就是不可避免的。近期研究人员在分析Regin恶意软件时就发现了它的一些被遗忘在模块中的代码（Hopscotch、Legspin、Willischeck、U_STARBUCKS）。研究人员决定对Hopscotch和Legspin模块进行更为详细的分析。
33,2015 (38),眼镜蛇项目分析,2015-01-20,G-DATA,间谍软件,WaterbugTurla,卡巴斯基在“The Epic Turla Operation”一文中提到了“眼镜蛇项目”（Project Cobra）和“碳系统”（Carbon System）。 他们在Uroburos（也称Snake/Turla）和Agent.BT事件中均被利用。 我们认为Carbon System是在Agent.BTZ之后，Uroburos之前所开发完成的。 Carbon System与Uroburos和Agent.BTZ拥有相同的技术细节（加密密钥，加密算法，设计，...）和一些其他关联，例如他们的名称均与蛇相关：Project Cobra（眼镜蛇）。Uroburos可以被认为是一个内核中的“snake”和眼镜蛇碳系统作为一个用户态中心的“snake”。
34,2015 (38),沙漠灾区目标攻击,2015-01-17,Kaspersky,社会工程钓鱼邮件,Desert Falcons,沙漠猎鹰（The Desert Falcons）是一个新出现的在中东从事间谍活动的网络雇佣兵组织。该组织利用其具备的攻击技术和自制的恶意软件工具集对PC及移动设备发起隐蔽攻击。 沙漠猎鹰组织成员为阿拉伯语母语者，它被认为是第一个已知的由阿拉伯团体发展和运行一个完整的网络间谍活动组织。 该黑客小组早在2011年就开始构建其工具，并于2013年首次成功感染，而在2014年末和2015年初的时候Desert Falcons的黑客活动才真正开始活跃起来。似乎该黑客小组目前的活跃程度远胜于以往任何时候。
35,2015 (38),从Agent.BTZ到ComRAT的复杂间谍软件的演变,2015-01-15,G-DATA,木马主控,WaterbugTurla,2014年11月，G DATA Security实验室的专家发表了关于Agent.BTZ继承者ComRat的文章。文中提到该恶意软件涉及到Uroburos rootkit事件。这个事件的背后实施者使用了多种不同的恶意工具侵入目标设施，如Uroburos，Agent.BTZ/ComRAT，远程管理工具或Linux恶意工具等，甚至更多。
36,2015 (38),Skeleton Key恶意软件分析,2015-01-12,SecureWorks,暂无数据,暂无数据,戴尔SecureWorks Counter Threat Unit（TM）（CTU）研究人员发现一个可以通过单要素（仅密码）认证方式绕过活动目录（AD）身份验证的恶意软件。 攻击者可以使用他们选择的密码作为任何用户完成身份验证。 这个恶意软件被命名为“Skeleton Key”。 CTU研究人员在一个客户网络中发现了Skeleton Key，该网络使用单要素身份验证来访问网络邮件和VPN，使攻击者可以不受限制地调用远程访问服务。 Skeleton Key作为内存中的修补程序部署在受害者的AD域控制器上，以允许攻击者以任何用户身份完成身份验证，而合法用户可以继续正常进行身份验证。 Skeleton Key的身份验证绕过方法还允许攻击者以物理方式登录和解锁系统，进而对失陷的AD域控制器完成身份验证操作。
37,2015 (38),Anunak：针对金融机构的APT,2015-01-07,Group-IB,暂无数据,暂无数据,Group-IB安全研究人员目前披露了对黑客组织Anunak的研究报告。2013年来，黑客组织Anunak已成功黑进俄罗斯50个银行和5个支付系统，2014年则锁定欧美零售商，疑为不满美国针对乌克兰问题制裁俄罗斯而采取的报复行动。Anunak团伙的做法很典型，却很有效。首先黑客向目标机构的低级别员工发送带有恶意附件的邮件，将这些附件伪装成类似俄罗斯央行发来的文件，一旦这些低层员工点击这些附件，其个人电脑首先被感染，然后Anunak会在目标机构的网络里寻找具有管理员权限的人，获得管理权限后，Anunak会先掌握目标机构的邮件系统和主服务器，从邮件里的联系和沟通里，Anunak能够掌握目标机构的安全系统的弱点，并且还打开被黑电脑的摄像头以对目标机构进行监控。
38,2014 (48),机器人，机器和矩阵,2014-12-12,General Dynamics Fidelis Cybersecurity,暂无数据,暂无数据,美国通用动力菲德里斯网络空间安全团队发现一个广泛存在于中国、美国、俄罗斯、波兰等地的僵尸网络，并分析了僵尸网络上的恶意样本。
39,2014 (48),Cloud Atlas RedOctober APT重新回归,2014-12-10,Kaspersky,木马鱼叉式钓鱼攻击,暂无数据,卡巴斯基实验室于两年前发现了针对大使馆的名为RedOctober的APT攻击。之后该APT组织销声匿迹，直到14年实验室在对Cloud Atlas 的分析中确定其为RedOctober团队重新发起的攻击。
40,2014 (48),FIN4可能会玩转市场,2014-12-05,FireEye,钓鱼攻击,FIN4,2013年以来，FIN4黑客组织已经攻击了超过100家上市公司。该黑客组织专门攻击美国上市企业，窃取它们内部的并购、收购情报。目前FIN4入侵的100多家公司中，有超过2/3属于医疗和制药行业，其余都是咨询类公司。火眼（FireEye）的安全专家们称，FIN4黑客组织现在依然活跃。安全专家们已经发现了黑客们使用的控制与命令服务器。攻击者使用的攻击方式通常是钓鱼邮件。他们会先确定攻击目标，然后有针对性的发送钓鱼邮件。在盗用企业内部员工的邮箱后，通过向公司其他的员工发送钓鱼邮件，最终入侵公司高管、法律顾问、研究者以及外部顾问邮箱。FIN4的黑客们意在获得企业的内部资料，包括股价，财务信息等，这样一来黑客们就可通过买卖股票挣得一大笔钱。安全专家认为，FIN4黑客组织的成员都是美国人，因为他们对华尔街的金融公司和财富500强公司的文化很是熟知，而且他们在邮件中使用了大量的商业俚语。
41,2014 (48),伊朗CLEAVER组织的攻击活动,2014-12-03,Cylance,暂无数据,CleaverTG-2889,安全公司Cylance爆料，伊朗黑客组织“手术刀（Operation Cleaver）”正在全球范围内攻击航空、能源行业和国防领域。“手术刀”由伊朗政府赞助，在它的攻击目标中目前有10个是美国重要基础设施。安全研究人员预测该黑客组织的攻击动机很可能是报复美国曾对伊朗造成损伤的震网病毒（Stuxnet）和其他黑客活动。目前没有直接的证据证明“手术刀”已经入侵了工业控制系统（ICS）和监测控制&amp;数据采集系统（SCADA）的网络，但是已经查到约有50个公司、单位或组织遭到“手术刀”攻击，包括美国军方、美国海军陆战队内网（NMCI）和几个工业组织（比如能源、公共事业）。研究人员发现了许多在攻击中被使用的域名，而这些域名都是由伊朗公司Tarh Andishan注册。研究者还发现ASN和netblock是直接与伊朗当局挂钩的，而且攻击利用的基础设施由伊朗供应商Netafraz提供。航空公司、政府机构、运输公司、电信运营商、国防承包商和教育机构也是他们攻击的目标。该组织的黑客们通常混合使用SQL注入技术和利用微软漏洞进行攻击。除此之外，“手术刀”还雇佣了第三方组织，特别订制了攻击工具，攻击者利用这些特制工具窃取受害者的数据、网络凭证，嗅探其网络，进行键盘记录和种植后门。
42,2014 (48),我是Ironman DEEP PANDA使用Sakula恶意软件来定位多个部门的组织,2014-11-24,CrowdStrike,暂无数据,暂无数据,CrowdStrike实验室目前观察到一起针对美国国防，医疗，政府，科技网站的apt行为，感染受害者名为Sakula的木马。 CrowdStrike判断此行为是DEEP PANDA所为。
43,2014 (48),与美国和英国情报有关的欧盟秘密恶意软件攻击,2014-11-24,theintercept,暂无数据,暂无数据,The Intercept报道，被安全公司曝光的Regin后门程序与英美情报机构有关联。业内人士透露，Regin被发现感染了比利时电信的内部计算机系统和电子邮件服务器，以及欧盟的计算机系统。 这与前NSA合同工Edward Snowden去年泄露的机密文件内容相吻合，机密文件透露美国安全局（NSA）和英国政府通信总部（GCHQ）对欧盟和比利时电信展开了秘密间谍行动，但攻击使用的间谍程序当时没有被发现。了解欧盟和比利时电信内部调查的消息来源证实，Regin恶意程序与NSA和GCHQ相关联。 Snowden文档披露，GCHQ在代号为Operation Socialist的行动中获得了比利时电信内部计算机系统的访问权限，收集该公司网络和客户的情报。比利时电信的客户包括了欧盟理事会、欧洲议会和欧洲委员会。NSA和GCHQ拒绝对此发表评论。
44,2014 (48),Regin：顶级间谍工具可实现隐身监控,2014-11-24,Symantec,窃取密码监控网络流量恢复已删除文件,暂无数据,研究人员识别出一种他们认为是由民族国家开发的先进隐形恶意软件。 赛门铁克安全研究人员将这一木马命名为Regin，它的攻击范围包括全球不同行业，如酒店、能源、航空以及研究领域。Regin木马与之前由国家支持的恶意软件有一些相似之处，如Flame、Duqu、Stuxnet。Regin可能需要几个月或几年才能完成并且包含几十个单个模块，可允许运营人员按照个性化目标需求进行定制。 为了保持隐蔽性，Regin被分解为五个阶段，而除了第一阶段外，其余每个阶段都有赖于上一个阶段的实现。执行第一个阶段会引发多米诺骨牌效应，随后第二阶段被解密并执行，以此类推。分析并理解这一恶意软件要求研究人员拦截所有的五个阶段。Regin包括几十种有效荷载，如捕捉屏幕截图的代码、控制受感染计算机的鼠标、窃取密码、监控网络流量、以及恢复已删除文件。 赛门铁克公司认为Regin自2008年起便被用于多种攻击活动。在被感染的计算机中，几乎一半发生在互联网服务提供商内部，赛门铁克这是攻击者为了能够针对使用ISP的特定用户群体发动攻击。第二大受感染群体是电信企业，占28%。 赛门铁克表示对Regin有很多还未搞清楚的地方。截止到目前，安全研究人员觉察到的只有约100个受感染的案例，而这一数字对于这一庞大的恶意软件框架来说是小范围的。研究人员仍在研究攻击者与受感染计算机进行交流的命令控制系统，而且尚不清楚哪个国家是幕后推手。
45,2014 (48),双击行动,2014-11-21,FireEye,鱼叉式钓鱼,APT3,APT3（UPS），作为Operation Clandestine Fox的执行者，在过去的几个月里，静默地不断发出了几波鱼叉式钓鱼信息。最近一次活动，是在2014年11月19日发起，针对多个组织。攻击者利用了多个漏洞，目标指向CVE-2014-6332和CVE-2014-4113。CVE-2014-6332于2014-11-11向公众发布，是Windows OLE Automation Array Remote Code Execution漏洞。CVE-2014-4113是特权升级漏洞，于2014-10-14发布。 CVE-2014-6332可以被不同类型的攻击者利用，罪犯或是APT组织，已被整合入他们的工具集。而联合使用CVE-2014-6332和CVE-2014-4113已成为APT3的显著标志。实施者因善于针对0day漏洞，广泛并频繁地使用鱼叉式钓鱼而被熟知。已知漏洞的利用和越来越频繁的攻击，预示着该组织新一轮的攻击策略和操作即将到来。
46,2014 (48),Arachnophobia行动陷入蜘蛛网络,2014-11-17,Cyber Squared,暂无数据,暂无数据,Cyber Squared公司的ThreatConnect智能研究团队（TCIRT）跟踪世界各地的许多威胁组织。 从2013年夏天开始，TCIRT确定了一个疑似巴基斯坦原籍的威胁团体。 该组在2013年8月公开发表于TCIRT。在披露之后的几个月中，我们确定了新的活动。 Cyber Squared与FireEye实验室的专家合作，研究这些新的观察，试图发现新的研究和洞察该小组及其操作“Arachnophobia”。 以下报告是Cyber Squared公司的TCIRT和FireEye Labs之间的合作研究和威胁情报共享的产物。
47,2014 (48),OnionDuke APT通过Tor网络攻击,2014-11-14,Leviathan,C&C,APT29CozyDuke,"上个月来自利维坦安全组(Leviathan Security Group)的Josh Pitts发现了一个恶意的Tor出口节点，这个节点在Windows可执行程序中加入另一个恶意Windows程序并打包。但当F-Secure研究员Artturi Lehtiö展开深度调查时，他发现这个Tor出口节点与臭名昭著的俄罗斯APT软件MiniDuke有关。虽然被Josh Pitts识别出的俄罗斯节点已经被禁了，但是F-Secure研究员又发现恶意出口节点被来传播一款MiniDuke APT(高级持续性威胁)软件的新变种——研究人员把它称之为""OnionDuke""。 OnionDuke是与MiniDuke完全不同的软件，但是研究人员通过查看其配置发现了一些端倪。研究人员在配置信息中，发现它的某些命令和控制(C&C)服务器的注册者与MiniDuke C&C服务器的相同。"
48,2014 (48),漫游虎,2014-11-13,ESET,钓鱼C&C,暂无数据,East 公司研究报道，2014年ESET观察到类似的攻击在俄罗斯和独联体国家:白俄罗斯、哈萨克斯坦、吉尔吉斯斯坦、塔吉克斯坦、乌克兰、乌兹别克斯坦，该攻击区别于针对家庭的攻击，主要为了窃取数据。攻击者使用了CVE-2012-0158 和 CVE-2014-1761漏洞，并利用PlugX RAT，Gh0st RAT来控制或传输数据。
49,2014 (48),针对日本的Ichitaro零日攻击和持续的网络间谍活动,2014-11-12,Symantec,CVE-2014-7247C&C钓鱼攻击,暂无数据,CloudyOmega惯用的攻击向量是钓鱼邮件，大部分的邮件中会附着一个被命名为“医疗保险通知”的Word文档，事实上它是一个自解压的可执行文件。一旦受害者打开了这一文件表面上显示的是Word文档，其实内部隐藏的恶意程序会自动执行，感染用户的计算机。然后会和攻击者的C&C服务器进行通信，窃取用户信息等。CloudyOmega还利用了日本JustSystems软件的0-day（CVE-2014-7247）漏洞实施攻击。
50,2014 (48),Uroburos新确定了复杂的RAT,2014-11-11,G-DATA,p2p传播病毒,暂无数据,GDATA安全实验室的专家公布了Uroburos的分析，Uroburos是有俄罗斯根源的rootkit。 Uroburos和Agent.BTZ恶意软件之间存在链接，它负责破坏美国军用计算机。在Uroburos，也就是Snake或者Turla之后，发现了新一代Agent.BTZ，我们把它命名为ComRAT，现在分析了威胁的两个版本（v3.25和v3。 26）。
51,2014 (48),老虎之眼,2014-11-07,Cyber Security Airbusds,远控木马,Pitty Tiger,Cyber Security Airbusds 发现以中国香港、台湾为主要C&C服务器基础设施的组织长期对欧洲某些国防、电信、软件开发公司设施APT攻击，Cyber Security Airbusds 称之为Pitty Tiger，该组织主要使用钓鱼邮件攻击投递恶意office 文件，并最终下载多个恶意的C&C 如：CT RAT，MM RAT，Paladin RAT，Gh0st RAT。并最终溯源到攻击者可能在中国内地，并发现了攻击者常用的网络ID等信息。
52,2014 (48),Cosmu与MiniDuke的混合,2014-11-07,F-Secure,社会工程CVE漏洞,暂无数据,F-secure实验室2014年就在对MiniDuke木马进行分析时，发现其和早在2001年的木马Cosmu非常相像，木马首先伪造成PDF诱导用户下载，之后收集信息，通过FTP传送到远程服务器。除此以外还会诱导用户下载其他木马。
53,2014 (48),白皮书：初始框架：云托管的APT,2014-11-07,Blue Coat,暂无数据,暂无数据,"blue-coat安全团队披露了一起C&C控制端使用云服务的APT行动，将其命名为Inception framework。该APT最初针对俄罗斯和部分东欧国家，之后检测到针对全球。 针对行业包括大使馆，政治，金融，军队，工程，能源。其C&C控制端部署在瑞典的loudMe.com云服务上，使用WebDAV协议收发信息。可感染家用路由器和运行 iOS, BlackBerryOS和Android的手机。主要通过邮件传播PDF, DOC和RTF格式的文档来感染。"
54,2014 (48),The Darkhotel APT是一个不寻常的热情好客的故事,2014-11-05,Kaspersky,鱼叉式网络钓鱼恶意无线网络P2P种子陷阱,DarkhotelDarkhotelAPT-C-06,卡巴斯基实验室（Kaspersky Lab）一个存在长达七年的网络间谍组织正把攻击目标锁定在全球大型企业的高管身上。他们通过高级持续性威胁（APT）攻击，通过恶意无线网络、P2P种子陷阱、特制的高级鱼叉式网络钓鱼攻击技术，利用0day漏洞利用程序和键盘记录器，从生产制造、国防、投资资本、私人股权投资、汽车等行业的企业高管经常出入的豪华酒店的网络中窃取信息。卡巴斯基实验室（Kaspersky Lab）的安全研究员把这一威胁命名为“DarkHotel APT”，DarkHotel APT组织的攻击者有能力提前知晓攻击目标（企业高管）的酒店入住时间以及退房时间。Kaspersky通过sinkhole logs and KSN data 分析大多数受害者在日本、台湾、中国、俄罗斯、韩国和香港。
55,2014 (48),,2014-11-03,FireEye,DDoS,暂无数据,FireEye 表示香港的民主抗议活动在愈演愈烈，Next Media’s network 媒体在这场活动中遭受到DDoS的攻击，造成网络及邮件系统无法提供正常的服务。FireEye 监测到DDoS攻击中攻击者使用的工具、C&C 等信息，并表示在某些政治活动中DDoS或一些黑客活动将会成为常态。
56,2014 (48),BE2自定义插件，路由器滥用和目标配置文件,2014-11-03,Kaspersky,恶意软件,QuedaghSandwormBlackEnergy,卡巴斯基实验室发布对Blackenergy，一个被各种犯罪团伙使用多年的工具的报告。受害国家有俄罗斯，乌克兰，波兰，立陶宛，伊朗，以色列，土耳其，德国，比利时，中国台湾等等。主要针对能源企业，政府，科技公司等。
57,2014 (48),TOOHASH行动如何进行目标攻击工作,2014-10-31,G-DATA,C&C,暂无数据,GDATA发现一起利用老实office文档漏洞和鱼叉式钓鱼攻击手法获取文档的攻击行为，从攻击过程看，该攻击主要是针对中国大陆地区的。重要收到影响的行业为公共研究机构、空间研究组织、电信公司、私营企业。而该攻击的目的可能是由于嫉妒竞争对手或者是刺探对方机密。
58,2014 (48),通过实时广告出价实现微目标恶意广告,2014-10-27,Invincea,钓鱼,暂无数据,美国invincea团队发现并追踪分析了一起针对美国国防工业发动的高级威胁可持续攻击，分析了攻击手法，并提出了相应的防护手段。
59,2014 (48),ScanBox框架-受影响的人和使用者,2014-10-27,PWC,ScanBox framework水坑攻击,暂无数据,通过木马感染才能窃取目标机密的时代一去不复返了。八月问世的键盘记录器ScanBox也许开启了“窃听工具”的新纪元，攻击者将ScanBox恶意Javascript代码植入存在漏洞的网站上，就可以将用户的键盘记录全部截获下来。普华永道（PwC）的Chris Doman和Tom Lancaster表示：“ScanBox非常的危险，它不需要像传统恶意软件一样植入计算机硬盘才能窃取机密，它只需要你的浏览器执行javascript代码就能进行键盘记录。”他们在周一的报告中发布了四个不同的攻击案例，每个案例都是由不同的人利用ScanBox发起的攻击。
60,2014 (48),完全披露Havex特洛伊木马,2014-10-27,Netresec,恶意软件,Energetic BearDragonflyIRON LIBERTY,瑞典安全分析师Erik Hjelmvik撰写本文。本文揭露了“蜻蜓”，一个专门针对能源、制造、机械、制药等行业的APT黑客组织。本文仔细分析一种木马Havex Trojans的相关技术细节及相关检测方案。
61,2014 (48),修改后的二进制文件的情况,2014-10-23,Leviathan,文件篡改中间人攻击,暂无数据,Tor网络是一个可以隐匿用户的虚拟网络，leviathansecurity 安全研究员发现在Tor 更新Windows 补丁时会出现一个错误代码：0×80200053，此错误代码是微软在检查补丁文件及签名时发现文件被修改。leviathansecurity 分析发现罗马尼亚、泰国、中国、越南、埃及、菲律宾、印度尼西亚、俄罗斯、土耳其国家的用户曾受到过影响，leviathansecurity 利用一个检测工具发现了一个活跃的tor出口位于俄罗斯（78.24.222.229）境内存在此恶意活动。
62,2014 (48),Operation Pawn Storm使用诱饵逃避检测,2014-10-23,TrendMicro,鱼叉攻击,暂无数据,Operation Pawn Storm指一组威胁主体发起的经济和政治间谍攻击，主要针对来自美国及其盟国的军事，大使馆和国防承包商人员。反对派与俄罗斯政府，国际媒体，甚至美国盟国的国家安全部门的异议人士也是攻击目标。
63,2014 (48),OrcaRAT-传说中的鲸鱼,2014-10-20,PWC,暂无数据,APT1,PWC 安全分析师发现OrcaRAT的活动，监测并发现了多个活跃的C2指示器，并提供了Snort 和 Suricata IDS 规则。
64,2014 (48),香港民主网站受到攻击,2014-10-09,Volexity,暂无数据,暂无数据,Volexity实验室于2014年10月检测到一个针对香港和日本支持民主网站的APT攻击。攻击者通过在目标网站上植入恶意代码，安装后门等方式，使浏览网页者安装木马。
65,2014 (48),Nitro APT组织没有发现新的入侵威胁指标,2014-10-03,paloalto,C&C钓鱼攻击,Nitro,"Palo Alto在今年7月中旬,发现一个合法的网站已经被用于恶意活动。在这个恶意活动中我们称这个组织为Nitro，在大多数情况下,恶意软件使用“Spindest”同时我们还发现“PCClient”和“Farfli”变种使用。Nitro通常使用钓鱼邮件进行恶意攻击活动。"
66,2014 (48),操作量子纠缠,2014-09-14,FireEye,钓鱼,MoafeeDragonOK,"fireeye安全研究人员发现了两个黑客团伙。Moafee黑客组织驻扎在广东，主要针对争夺南海主权国家的政府，军队网站，也针对过美国国防工业基地。DragonOK黑客组织驻扎在江苏，主要针对台湾和日本的高科技和制造业。两个组织最初的方法都是通过zip或带密码保护的office附件的钓鱼邮件。尽管这两个组织的目标和任务看似不同,研究人员发现Moafee和DragonOK之间的关联为使用了相同的TTP,或许甚至有第三个攻击小组。"
67,2014 (48),达尔文最受欢迎的APT集团,2014-09-03,FireEye,暂无数据,APT12,fireeye发现APT12团伙针对台湾，日本组织的APT行为。fireeye认为RIPTIDE，HIGHTIDE和之后的WATERSPOUT都是该组织所为。
68,2014 (48),Syrian Malware Team使用BlackWorm恶意软件进行攻击,2014-08-29,FireEye,暂无数据,SEA,The Syrian Malware Team，我们发现这个组使用称为BlackWorm的.NET的RAT来渗透他们的目标。
69,2014 (48),NetTraveler APT十年后改头换面,2014-08-27,Kaspersky,C&C钓鱼攻击,暂无数据,卡巴斯基安全研究者发现一个10年前的NetTraveler远控木马，在最近钓鱼攻击邮件及样本分析中发现主要针对中国的藏独势力。研究者对攻击者时手法进行了分析，主要利用鱼叉式钓鱼邮件攻击，并投递恶意的Word 文件，利用CVE-2012-0158 Office 漏洞来最终投递恶意的 NetTraveler。
70,2014 (48),从非政府组织的角度看有针对性的攻击,2014-08-20,usenix,鱼叉攻击,暂无数据,我们提出了一个实证分析有针对性的攻击反对人权非政府组织（NGO。特别是，我们分析了社会工程技术，攻击向量，和恶意软件在恶意电子邮件收到的非政府组织成员。我们发现，电子邮件的语言和话题是高度定制的受害者，而发送者模仿是常用来引诱他们打开恶意附件。我们还表明，大多数的攻击采用恶意文件与最近披露的漏洞。最后，我们发现，非政府组织收到来自不同家庭的恶意软件，超过四分之一的恶意软件可以链接到实体已报道从事有针对性的攻击对政治和工业组织，以及西藏非政府组织。
71,2014 (48),El大砍刀,2014-08-20,Kaspersky,虚假博客网站鱼叉式网络钓鱼电子邮件,Machete,卡巴斯基安全研究人员目前发现了Machete APT行动，攻击者使用西班牙语。该行动发起与2010年，2012年有所升级，其功能包括：键盘记录，收集电脑音频，收集截图，收集地理位置，使用电脑摄像头拍照，拷贝文件等。目标国家包括委内瑞拉，厄瓜多尔，哥伦比亚，秘鲁，俄罗斯，西班牙等。目标行业包括军队，政府，大使馆，情报机构。攻击手法为钓鱼邮件和假博客网站。
72,2014 (48),Operation Poisoned Hurricane,2014-08-06,FireEye,域名劫持,暂无数据,FireEye 最近发现了一个针对互联网基础设施提供商，媒体组织，金融服务公司，亚洲政府组织。恶意攻击者组织利用合法的数字证书签署他们的工具和使用创新技术来发送控制命令。FireEye称之为Operation Poisoned Hurricane，它们使用控制一些DNS服务器来实施域名劫持，控制一些常见软件等域名（outlook.com/adobe.com）访问或补丁更新，来控制下载恶意程序。
73,2014 (48),叙利亚的恶意软件-不断变化的威胁,2014-08-01,Kaspersky,钓鱼社会工程学,暂无数据,卡巴斯基全球研究与分析实验室团队，最近发现了一起源于由叙利亚、俄罗斯、黎巴嫩的黑客组成的团队攻击叙利亚、黎巴嫩、土耳其、沙特阿拉伯等多个国家的攻击行为，研究分析团队分析了该攻击并研究了相关的恶意程序和社会工程学办法。
74,2014 (48),Deep Panda,2014-07-07,CrowdStrike,暂无数据,暂无数据,CrowdStrike安全研究人员于2011年12月底发现了一起针对世界500强企业的APT攻击。该APT攻击疑似发起于中国，被命名为 DEEP Panda， 针对美国的高科技，重工业，非政府组织(NGO)，政府，国防工业基地（DIB）和涉及经济的行业。CrowdStrike怀疑其来自于中国是因为编译恶意程序的系统使用的语言是简体中文，它在系统上安装的二进制文件包含了Google Chrome的图标（如下图），可能为了诱骗受害者以为文件与Chrome有关联；恶意程序会安装一个加密的内核驱动，如果奇虎360的安全卫士进程ZhuDongFangYu.exe在运行，驱动不会写入硬盘；NSI挂钩代码与Edward Sun (aka cardmagic， sunmy1@sina.com， onlyonejazz@hotmail.com， cardcian@mail.ustc.edu.cn， QQ# 28025945)发布在邪恶八进制论坛上的代码几乎完全相同
75,2014 (48),Dragonfly网络间谍攻击能源供应商,2014-07-07,Symantec,木马,Energetic BearDragonflyIRON LIBERTY,Symantec安全研究人员发现apt组织Dragonﬂy的行动。Dragonﬂy使用了两款木马：Trojan.Karagany和Backdoor.Oldrea，最早发现于2011年，主要针对美国和加拿大的国防，航空企业，13年逐渐转向欧美的能源企业。攻击手法为钓鱼邮件和水坑攻击。
76,2014 (48),Clandestine Fox两个部分,2014-06-10,FireEye,C&C钓鱼邮件,APT3,攻击者以钓鱼邮件作为入侵载体，通过一切社工方法进入目标网络，并留下后门，执行后期的C&C命令。本文将针对一起发生在能源行业的钓鱼邮件入侵事件，详细分析Operation Clandestine Fox。
77,2014 (48),Putter Panda,2014-06-09,Crowd Strike,暂无数据,Putter Panda,Crowd Strike发现疑似中国组织的黑客活动，并在恶意样本活动中分析出相关的线索，溯源到攻击者的社交平台及疑似的工作单位信息。Crowd Strike称这一组织为Putter Panda
78,2014 (48),ASERT威胁情报简报2014-07照亮Etumbot APT后门,2014-06-01,Netscout,鱼叉攻击,暂无数据,Etumbot是一款后门的恶意软件，它也被称为Exploz或者Specfix，至少从2011年3月开始被使用，可能被一些组织使用，如:“Numbered Panda”， APT12， DYNCALC/CALC Team，IXESHE，被使用于鱼叉攻击，邮件主题大部分与台湾政府有关联，该恶意程序被大量使用与台湾，香港，澳门
79,2014 (48),Miniduke还在努力,2014-05-20,ESET,C&C攻击指令钓鱼邮件攻击,暂无数据,2014.4月底微软发布一个漏洞在外面被利用。这个漏洞（cve-2014-1761）利用解析RTF文件释放利用代码，惠普安全研究博客曾披露过。我们已经见过很多情况下利用用于提供恶意软件和一个是特别有趣的，因为它包含了一个新的变种MiniDuke(也称为Win32 / SandyEva)。MiniDuke首次被卡巴斯基在2013年3月发布过。一些MiniDuke的特点，比如它体积小(20 KB)，其巧妙的使用汇编语言编程，使用零日漏洞分布，使其成为一个有趣的威胁。虽然后门仍然相当类似于以前的版本，一些重要的变化是自去年以来，最著名的是第二个组件的介绍写在JScript联系C&C服务器通过Twitter。
80,2014 (48),OPERATION SAFFRON ROSE,2014-05-13,FireEye,钓鱼恶意软件,Ajax Security Team,美国火眼机构发现并分析了2010年到2013年这段时间内伊朗Ajax团队对外发动多起APT攻击，他们详细研究了攻击过程，分析了使用的钓鱼方式和“偷窃者”恶意软件的技术原理细节。
81,2014 (48),Cat Scratch Fever CrowdStrike追踪新报道的伊朗威胁对象是FLYING KITTEN,2014-05-13,CrowdStrike,凭证盗取恶意软件,Ajax Security Team,CrowdStrike实验室于2014年5月13日检测到伊朗组织的APT攻击行为。攻击者通过伪造美国伪造航空/国防/政治异见网站盗取用户登录信息，诱导用户下载恶意软件，盗取其信息发送至FTP服务器。CrowdStrike将其命名为FLYING KITTEN。
82,2014 (48),Uroburos具有俄罗斯根源的高度复杂的间谍软件,2014-02-28,G-DATA,暂无数据,暂无数据,德国GDATA分析团队，发现了一种破坏性强的恶意样本名叫Uroburos，他们分析了这个恶意样本，发现该样本高度复杂、灵活。可以通过网络或者中继方式不断感染，窃取文件甚至网络流量从而获取数据。而此次攻击的目标主要是高调企业，民族国家与情报机构。GDATA怀疑这此事件与俄罗斯网络攻击美国有关系。
83,2014 (48),GreedyWonk行动多个经济和外交政策网站遭遇破坏，为0day活动提供服务,2014-02-20,FireEye,RAT水坑式攻击C&C0-day,暂无数据,FireEye 发现Operation GreedyWonk组织利用水坑式攻击了3个公益政府智库类组织，并在网站上放置了Flash的0-day（CVE-2014- 0502 ）漏洞页面来攻击一些受害者的电脑网络。攻击者利用了PlugX/Kaba RAT 远控木马来控制受害者的网络，FireEye发现了多个指示器信息。
84,2014 (48),Operation SnowMan DeputyDog威胁对象妥协美国退伍军人的外国战争网站,2014-02-13,FireEye,CVE-2014-0322水坑攻击,暂无数据,FireEye 监测发现美国退伍网站上放置了一个0-day(CVE-2014-0322)利用代码来进行水坑攻击，分析发现主要C&C利用程序有ZxShell， Gh0st，并发现了一些指示器。FireEye表示主要受影响行业有：美国及日本等主要国防军工单位，IT基础设施，律师行业，非政府组织。
85,2014 (48),Context威胁情报威胁咨询Monju事件,2014-01-27,Context,水坑攻击,暂无数据,2014年1月2日，日本Monju快速增殖反应堆设施的系统管理员注意到控制室中机器发出的可疑连接，这与一个免费媒体播放器的似乎常规的软件更新是一致的。除了其他项目，员工培训文件和超过4万封电子邮件存储在机器上，并认为是攻击者收获。日本原子能机构正在进一步调查。 攻击似乎是攻击者攻击“GOM Player”更新服务器并将其作为“漏洞”的结果，这意味着访问该网站的计算机会传送恶意软件。 Gom Player源于韩国，在亚洲的一些地方，它是Windows Media Player的受欢迎的替代品。目前还不清楚每个试图下载更新的机器是否收到这个恶意软件，或者是否只有装有某个配置文件的机器被感染了。 对受损机器上的植入物的技术分析表明，它是一种木马的变种，它已经在野外几年了，并继续有效。
86,2013 (36),ETSO APT攻击分析,2013-12-20,AhnLab,C&C,ETSO,ETSO组织从2010年起发起了多次网络攻击活动，本文基于12个公司中发生的事件，提供了ETSO的APT攻击手法，及分析了各阶段使用工具的行为。
87,2013 (36),“Ke3chang”行动针对外交部进行针对性攻击,2013-12-12,FireEye,C&C鱼叉攻击,Ke3ChangAPT15,欧洲外交部已被威胁实施者Ke3chang作为目标，并成功入侵。本次攻击利用叙利亚危机作为诱饵，进行恶意软件的植入。而此次攻击，正处于俄罗斯G20会议期间，叙利亚危机正是会议主要关注的国际事项。文中主要展示了自2010年起，Ke3chang进行的关于G20发起的多次攻击，并提供相关技术指标。
88,2013 (36),Operation Ephemeral Hydra使用IE 0day链接到DeputyDog使用无盘的方法,2013-11-10,FireEye,C&C,暂无数据,近日，国外安全公司FireEye宣布发现新型IE 0day漏洞攻击，该漏洞影响Windows XP和Windows 7系统上的英文版本IE浏览器。不过FireEye认为，其他语言版本的IE很可能也会被攻陷。目前国内尚未出现此漏洞攻击，不过Windows XP和Win7用户也需要高度警惕。
89,2013 (36),逃避战术终结者RAT,2013-10-24,FireEye,C&C鱼叉攻击,暂无数据,FireEye实验室持续追踪APT实施者的行为，对其为躲避网络防御而对工具、技术、流程做出的细微变化进行记录。之前，已对针对纽约时报的Aumlib恶意软件发布文档，也对针对台湾实体进行间谍活动的Taidoor恶意软件家族发布文档。本文揭示了近期针对台湾实体攻击中所使用RAT的改进。
90,2013 (36),Icefog APT组织后门工具分析报告,2013-09-25,Kaspersky,C&C,Icefog,“Icefog”是一个专注APT的组织，2011年开始活跃起来，主要活跃在日本和韩国。已知的目标包括政府机构，军队，海上组织，电信部门，制造业和高科技公司和大众媒体。 Icefog的名字来源于曾控制的一台服务器中的字符。控制软件中文翻译过来就是”三把剑”。 “Icefog”后门工具(也被叫做”Fucobha”)是一个受攻击者控制的交互工具。windows和mac OS平台都可以使用。最新发现，Icefog并不自动偷取数据，相反，它直接受攻击者控制，可以在受害系统直接执行命令。
91,2013 (36),隐藏的山猫 - 雇用专业黑客,2013-09-17,Symantec,C&CSQL注入,,一个著名的黑客组织Hidden Lynx，运作“Operation Aurora”成功利用SQL注入，攻破Bit9的网络。木马病毒通过特有的方式进入防护行业。但Bit9的案例只是众多水坑攻击中的一个小事件，如VOHO活动这种大规模攻击却影响了美国几百家企业。 本文针对Hidden Lynx使用的木马工具作为线索，深入剖析了该组织团体的行为方式。
92,2013 (36),The ‘Kimsuky’ Operation: A North Korean APT,2013-09-10,AhnLab,暂无数据,Kimsuky,2013年9月发现针对韩国军事智库的大规模网络间谍活动，并引用恶意代码中词语“Kimsuky”对其命名。“Kimsuky”恶意软件通过钓鱼邮件进行传播，具有记录键盘输入、收集目录列表、远程控制和访问等功能，并可在入侵的计算机上开设后门，与保加利亚的一家电子邮件服务商通信。经过分析，“Kimsuky”恶意软件具有一些地缘政治特性，源代码中包含朝鲜语词汇，可专门窃取HWP格式的文档（由韩国Hancom Office软件创建，在韩国政府中广泛使用）并关闭安博士公司的杀毒软件（安博士是韩国著名的反病毒企业）。
93,2013 (36),针对有针对性的攻击活动的第二季度报告,2013-08-30,TrendMicro,暂无数据,暂无数据,高度针对性攻击是指有明确入侵目标或实施者的一类威胁。这些实施者主动追中和入侵目标，以窃取敏感信息。 这些不是通过单独的攻击能完成的; 相反，他们在一段时间内不断尝试，以进入目标网络中的深层。 每个尝试可能成功或失败，但总体目标是渗透目标的网络并获取信息。 恶意软件通常用作攻击向量，但真正的威胁却是相关的操作的人员，需要不断调整他们的操作方式来增强防御能力。
94,2013 (36),POISON IVY评估损害和提取情报,2013-08-21,FireEye,C&C,暂无数据,相比恶意软件主要用于伺机发起网络犯罪行为（如僵尸主机），RAT却常常代表了一次高级持续威胁活动。RAT需要有人员参与执行。 Poison Ivy这款已有8年历史的远程控制工具，虽被IT安全业熟知，但目前仍十分流行且有效。本文针对该RAT，通过其密钥形式，扩展分析其家族程序，及所涉及的威胁事件。
95,2013 (36),内幕报道 - APT对印度网络空间的攻击,2013-08-15,INFOSEC CONSORTIUM,C&C鱼叉攻击,暂无数据,本文由印度信息共享与分析中心（ISAC）发布，展示了印度国内受到APT事件攻击的现状，并详细分析了近期的Travnet事件，从技术细节上为本国企业提供所需的防护策略及指导。
96,2013 (36),适者生存的纽约时报攻击者发展迅速,2013-08-12,FireEye,C&C,暂无数据,FireEye 安全研究者发现一些恶意活动可能来自于中国，怀疑与APT12有关。FireEye 安全研究者对获取到的一些样本进行了分析发现主要使用两类的C&C 远控Aumlib 及Ixeshe。同时发现Aumlib 及Ixeshe恶意程序进行了一些升级或变种以绕过一些安全设备的检测。报告中公布了一些C&C的相关的指示器信息。
97,2013 (36),SURTR恶意软件系列针对西藏组织,2013-08-02,Citizen Lab,鱼叉式钓鱼,暂无数据,这篇文章分析了针对西藏民主组织的恶意软件攻击行为。 这些攻击利用了CVE-2012-0158漏洞，并通过恶意文本文件（* .doc）传递，报告将这种攻击方式称为 “Surtr”。CVE-2012-0158漏洞于2012年4月被首次发现，同年四月，微软发布了该漏洞的补丁，但是该漏洞的反病毒（AV）检出率仍高达34%。报告发现， Surtr 恶意软件主要攻击西藏民主组织的数据备份。
98,2013 (36),南亚网络间谍活动愈演愈烈,2013-08-02,ThreatConnect,暂无数据,暂无数据,网络间谍活动的全球扩散，可能引起南亚国家更积极地开展自己的网络间谍活动。不论威胁的复杂性或动机，南亚的网络威胁可能会仿效大国的方式，影响国家、组织或个人的行为。 ThreatConnect情报研究团队（tcirt）已经确定了南亚的网络间谍可能超越行业和区域地理边界。多个定制的恶意软件托管在一个美国子网内，经分析有可能被用来针对印度军方或政府实体。该恶意软件包含特定的功能，针对一个商业的巴基斯坦实体。虽然tcirt无法确证直接参与的人员组织，但可从恶意软件和活动方式上作出某些推断。
99,2013 (36),Comfoo大师的秘密,2013-07-31,SecureWorks,暂无数据,暂无数据,网络间谍活动的实施者常常在一定周期内循环使用几款不同的远程控制工具。Comfoo这款恶意工具，从2006年起持续被开发使用。其持续保持低调状态，2010年被用于RSA漏洞，代码第一次被分析。防病毒厂商Trend Micro在2012年报告里简要提及。尽管如此，该工具的木马程序和C2设施仍没有完全被公开。
100,2013 (36),Plugx恶意软件再次推出“Smaler”,2013-07-10,SophosLabs,C&C,暂无数据,Smoaler恶意软件与PlugX共用很多相同的功能。SophosLabs观察到以.doc和.docx为扩展名的文件含有Smoaler样本。本文通过所捕获的样本，深入分析了Smoaler的植入方式及C2服务器通信方式。
101,2013 (36),njRAT暴露,2013-06-28,Fidelis Security,C&C鱼叉攻击,暂无数据,njRAT攻击活动有增长趋势，其功能可记录用户登录密码、访问受害者摄像头、窃取浏览器存储的验证信息、开启反向shell、上传/下载文件、访问受害者桌面、执行模仿行为，并且允许攻击者升级、卸载、重启、关闭、中断RAT，和重新命名事件ID。该恶意软件可通过感染U盘进行传播。 本文通过分析njRAT的文件，来展示其入侵、执行等行为。并提供指示器信息以作防御。
102,2013 (36),Trojan.APT.Seinup击中东盟,2013-06-18,FireEye,鱼叉式钓鱼,暂无数据,FireEye研究机构发现了针对东南亚地区的鱼叉式攻击活动。该恶意软件命名为 “Trojan.APT.Seinup” ，因为它的输出功能被称作 “seinup” 。该恶意软件给攻击者开后门，使得攻击者能够远程控制被感染的系统。
103,2013 (36),,2013-06-07,Rapid7,C&C,暂无数据,在对互联网上恶意代码的持续追踪和揭露过程中，偶然发现了一个明显针对各类地区不同人群受害者的针对性攻击行为。在这篇文章中，将分析两起针对印度和越南的攻击事件，在描述攻击行为中自定义后门功能的同时，为了方便（据我们所知它还没有名字），我们根据其中一个样本中发现的字符串“KeyBoy”来命名这个后门。 我们将展示攻击者是如何操作这些后门，并提供一些能帮助我们深入研究攻击的脚本，这对检测感染或寻找更多样本数据有一定价值。
104,2013 (36),Maudi监视行动,2013-06-03,Norman Shark,C&C恶意软件,暂无数据,Maudi恶意软件家族似乎主要用于对抗中国/东南亚目标。它与其他更高级的攻击共享一些指标（C＆C域，注册信息等）。本文提供了相关Maudi及其共享资源的IOC列表。
105,2013 (36),分析3阶段Miniduke样本,2013-05-30,CIRCL,Miniduke,暂无数据,2013年2月12日，国外著名安全公司FireEye宣布发现一个新的PDF 0DAY，而在近日，卡巴斯基发布报告称，上周发现欧洲一系列政府和私人机构网站遭到攻击，并在网站上嵌入利用该PDF 0DAY的恶意软件，该恶意软件被命名为MiniDuke。
106,2013 (36),安全的目标威胁,2013-05-22,TrendMicro,C&C,暂无数据,本文展示了一个名为Safe的APT活动，因其使用的恶意文件而命名。这是一次突发的且活跃的有目的的威胁事件。
107,2013 (36),能源风险能源和自然资源行业的IT安全研究,2013-05-16,KPMG,C&C,暂无数据,当前，企业不仅需要面对来自黑客组织、初级黑客、高级黑客的威胁，也要应对受政府资助的代理机构。这些代理结构拥有大量资源，为寻找竞争优势、知识产权、甚至破坏对手规划而发起攻击。总而言之，网络威胁已经极度普遍，损害真实可见。 情势对于能源和自然资源行业更为严峻。主要存在两个问题：1、高层管理没有足够重视信息安全；2、对连通性的重视高于对安全的重视。导致了能源行业变成了网络攻击的有吸引力且容易得手的目标。 本文基于已发生的几次事件，针对能源行业提出了安全方面的解决方案。
108,2013 (36),Hangover行动揭开印度网络攻击基础设施的面纱,2013-05-06,Norman Shark,C&C鱼叉攻击,暂无数据,本报告描述了位于印度的一套成熟的网络攻击基础设施，由个人威胁实施者执行，但无证据显示有国家赞助。该设施可能已投入使用了3年之久，主要针对国家安全感兴趣的信息进行监视，目标多为巴基斯坦和美国。同时，也对行业信息进行间谍活动，如挪威电信公司Telenor和其他私有企业。
109,2013 (36),OPERATION HANGOVER执行摘要,2013-04-25,Norman,C&C鱼叉攻击,暂无数据,本报告描述了位于印度的一套成熟的网络攻击基础设施，由个人威胁实施者执行，但无证据显示有国家赞助。该设施可能已投入使用了3年之久，主要针对国家安全感兴趣的信息进行监视，目标多为巴基斯坦和美国。同时，也对行业信息进行间谍活动，如挪威电信公司Telenor和其他私有企业。
110,2013 (36),Trojan.APT.BaneChant：针对多个鼠标点击观察到的内存中特洛伊木马,2013-04-01,FireEye,鱼叉式钓鱼,暂无数据,FireEye发现鱼叉式钓鱼文件，负载着增强鼠标点击检测沙箱能力的恶意软件。恶意文档被翻译作 “Islamic Jihad.doc”。该恶意文档主要针对中东和中亚的政府部门。
111,2013 (36),APT1技术后台,2013-03-27,itrust consulting,C&C,暂无数据,APT1使用Poison Ivy远程管理工具，又位置在中国的黑客发起。本文将展示攻击事件的行为，确认攻击设施及方法方式，以保护己方设施不被此类攻击影响。
112,2013 (36),'TeamSpy'故事 - 在Cyberespionage广告系列中滥用TeamViewer,2013-03-20,Kaspersky,鱼叉式钓鱼,TeamSpy crew,近些年，神秘的实施者渗透和跟踪，执行监视和窃取政府组织、私企以及整个英联邦的人权活动家、独立国家（独联体）和东欧国家的数据。这一行动延伸到西方国家和 中东以及能源和重工业制造等部门。 攻击者使用TeamViewer用于情报收集和监视。该报告称实施者为“TeamSpy团队”，因为他们喜欢使用TeamViewer作为它们的工具集的主要部分。
113,2013 (36),你只需点击两次 FinFisher的全球扩散,2013-03-13,Citizen Lab,C&C,暂无数据,这篇文章描述了对FinFisher监控软件的C&C服务器而进行的全球互联网范围的扫描结果。还详细说明了在埃塞俄比亚使用FinFisher，针对反对派团和相关个人的活动。 此外，本文还提供了发现的FinSpy移动设备上的样本检查，似乎已经在越南使用。
114,2013 (36),MiniDuke Mystery PDF 0day政府间谍装配工0x29A微型后门,2013-02-27,Kaspersky,鱼叉式钓鱼,暂无数据,该报告深入分析了利用CVE-2013-0640漏洞的恶意行为，联合 CrySyS实验室，分析得到新的攻击是由0-day 工具发起的。
115,2013 (36),仔细研究MiniDuke,2013-02-27,Bitdefender,C&C,暂无数据,Miniduke这款恶意软件包含三个组成部分：pdf，主体，负载。PDF文件嵌入了植入代码，成功后通过下载器向驱动中写入主要的DLL。另外，原始PDF包含了正常的内容，被应用于社工阶段。 由于恶意PDF文件是开放的，Adobe进程也可以被植入利用，用以执行下载器。一旦下载器完成运行，主机原来执行的进程被中断，正常的PDF内容开始显示。一切恶意行为都不被用户察觉，可以在后台运行。恶意软件回传地址是通过Twitter或Google搜索得到。
116,2013 (36),Miniduke指标,2013-02-27,CrySyS Lab,暂无数据,暂无数据,匈牙利布达佩斯大学Crysys实验室，联合卡巴斯基，对Miniduke恶意软件进行研究分析。本文描述了Miniduke的当前状态，和C&amp;C设施通信细节。通过对Miniduke的感染主机的研究，提供了相关指示器及检测方法。
117,2013 (36),Comment Crew入侵威胁指标,2013-02-22,Symantec,暂无数据,暂无数据,本文包含了发生在2012年关于Comment Crew的更多的IOC信息，具体分类有网络、文件、系统、Email。
118,2013 (36),APT1曝光中国的一个网络间谍单位,2013-02-19,Mandiant,C&C,APT1,Mandiant持续跟踪了世界上很多能够发动APT攻击的组织，这份报告聚焦于这些组织中的大多数，我们称之为“APT1”。在APT1中，有超过20个组织都位于中国。最晚从2006年开始，APT1就成了计算机间谍活动参与者的唯一组织。根据我们的观察，APT1是众多成功窃取大量信息的组织的一个。APT1参与者的规模和影响，促使我们写了这份报告。
119,2013 (36),Operation Red October,2013-01-18,McAfee,C&C,暂无数据,Red October是一个有五年历史的大规模网络间谍活动，以至少39个国家的外交使馆、政府和科研机构为攻击目标，目标国家包括美国、巴西，澳大利亚和俄罗斯。红色十月行动的活动始于2007年，使用了超过1000个可区分的模块——这是闻所未闻的——根据目标进行定制攻击。 红色十月行动的主要目的是窃取机密信息和地缘政治情报。研究人员观察到它使用了三个已知的不同漏洞，分别是Microsoft Excel(CVE-2009-3129)以及Word(CVE-2010-3333和CVE-2012-0158)。
120,2013 (36),FAKEM RAT恶意软件伪装成Windows®Messenger和Yahoo！®Messenger,2013-01-17,TrendMicro,鱼叉式钓鱼,暂无数据,该报告检测了三个伪装网络流量以躲避检测的RAT-FAKEM变种。研究了攻击者的工具、技术以及基础设施等。RAT的掩蔽能力使攻击者有足够的伪装在复杂的网络环境中存活更久。
121,2013 (36),Red October行动,2013-01-14,Kaspersky,暂无数据,暂无数据,卡巴斯基实验室及分析团队公布一项调查结果，宣布发现的长达五年的网络间谍活动，并命名为Red October ，该名字来源于小说《猎杀红色十月》(ROCRA) 。主要受影响的地区为东欧、前苏联国家、中亚等，但西欧与北美也包括在内，目前总共有将近四十个国家身受其害。 Red October行动中，攻击者有针对性的攻击各种设备，如企业中的网络设备和移动设备（Windows Mobile和iPhone、NOKIA等），劫持移动设备上的文件数据，窃取Outlook存数文件等，然后从本地或远程的POP/IMAP服务器传送到数据存储服务器。然而，目前还没有发现幕操控黑手，也不确定是否牵涉某个国家或政府。
